"","Activity","Subject","Measurement","Triaxial","BodyMotionAcceleration","GravitationalAcceleration","GyroscopeVelocity"
"1","laying","1","mean","X",0.22159824394,-0.24888179828,-0.016553093978
"2","laying","1","mean","Y",-0.0405139534294,0.70554977346,-0.064486124088
"3","laying","1","mean","Z",-0.11320355358,0.4458177198,0.14868943626
"4","laying","1","std","X",-0.9280564692,-0.8968300184,-0.87354386782
"5","laying","1","std","Y",-0.83682740562,-0.90772000676,-0.9510904402
"6","laying","1","std","Z",-0.826061401628,-0.85236629022,-0.9082846626
"7","laying","2","mean","X",0.281373403958333,-0.509754238125,-0.01847660675
"8","laying","2","mean","Y",-0.0181587397583333,0.752536639375,-0.111800824583333
"9","laying","2","mean","Z",-0.107245610416667,0.646834879583333,0.144882846104167
"10","laying","2","std","X",-0.974059464791667,-0.959014441458333,-0.988275232916667
"11","laying","2","std","Y",-0.98027739875,-0.988211865208333,-0.982291608958333
"12","laying","2","std","Z",-0.984233296875,-0.984230418125,-0.960306560416667
"13","laying","3","mean","X",0.275516852741935,-0.241758478064516,-0.0208170540330645
"14","laying","3","mean","Y",-0.0189556785048387,0.837032099677419,-0.0718507159435484
"15","laying","3","mean","Z",-0.101300477506452,0.48870318516129,0.137999561112903
"16","laying","3","std","X",-0.982776639193548,-0.982512193064516,-0.974545752096774
"17","laying","3","std","Y",-0.962057544516129,-0.981202749677419,-0.977272653709677
"18","laying","3","std","Z",-0.96369103483871,-0.964807543870968,-0.963505609032258
"19","laying","4","mean","X",0.263559214981481,-0.420664662222222,-0.00923156347222222
"20","laying","4","mean","Y",-0.0150031841055556,0.915165104259259,-0.0930128180759259
"21","laying","4","mean","Z",-0.110688150314815,0.341531310555556,0.169720404092593
"22","laying","4","std","X",-0.954193738888889,-0.921199965925926,-0.973102422222222
"23","laying","4","std","Y",-0.941714042407407,-0.969816635740741,-0.961109291851852
"24","laying","4","std","Z",-0.962667314814815,-0.976176608888889,-0.962073755
"25","laying","5","mean","X",0.278334325576923,-0.483470597692308,-0.0218935013501923
"26","laying","5","mean","Y",-0.0183042123269231,0.954890346153846,-0.0798709596153846
"27","laying","5","mean","Z",-0.107937603673077,0.263644691923077,0.159894366942308
"28","laying","5","std","X",-0.965934509615385,-0.945695336153846,-0.979498706538462
"29","laying","5","std","Y",-0.969295613269231,-0.985964053846154,-0.977427370576923
"30","laying","5","std","Z",-0.968562516346154,-0.977076645,-0.960583776923077
"31","laying","6","mean","X",0.248656520140351,-0.47670987877193,-0.0079605026754386
"32","laying","6","mean","Y",-0.0102529170561404,0.956593814210526,-0.107218315054386
"33","laying","6","mean","Z",-0.133119570368421,0.175867709021053,0.179102058245614
"34","laying","6","std","X",-0.934049422052632,-0.887746310350877,-0.955378225087719
"35","laying","6","std","Y",-0.924644826385965,-0.959161956491228,-0.943634949473684
"36","laying","6","std","Z",-0.925216100350877,-0.928130738421053,-0.939141878596491
"37","laying","7","mean","X",0.250176694038462,-0.502814250576923,-0.00282641913096154
"38","laying","7","mean","Y",-0.0204411516884615,0.393444278076923,-0.133605695057692
"39","laying","7","mean","Z",-0.101361036576923,0.907537823461538,0.155920029769231
"40","laying","7","std","X",-0.93651361,-0.914221270096154,-0.9601268225
"41","laying","7","std","Y",-0.926262668653846,-0.955543549230769,-0.945071935384615
"42","laying","7","std","Z",-0.952978365961538,-0.961908984423077,-0.955294890576923
"43","laying","8","mean","X",0.261254282907407,-0.405930036111111,0.00535361206851852
"44","laying","8","mean","Y",-0.0212281733881481,0.589922434814815,-0.0891374138592593
"45","laying","8","mean","Z",-0.102245365611111,0.719831539259259,0.13818830737037
"46","laying","8","std","X",-0.94304121537037,-0.918873192333333,-0.965204017592593
"47","laying","8","std","Y",-0.93489116,-0.957990036481481,-0.952039385740741
"48","laying","8","std","Z",-0.932491454407407,-0.94183626337037,-0.96758975462963
"49","laying","9","mean","X",0.2591955368,-0.5802528348,-0.013632036148
"50","laying","9","mean","Y",-0.020526821662,-0.1191541962,-0.15890291983
"51","laying","9","mean","Z",-0.10754972144,0.9578730416,0.101275010682
"52","laying","9","std","X",-0.94233309,-0.9218210626,-0.9422465098
"53","laying","9","std","Y",-0.9162927764,-0.9699944882,-0.9266185314
"54","laying","9","std","Z",-0.9407072854,-0.9712046902,-0.9615953704
"55","laying","10","mean","X",0.280230574137931,-0.453069737586207,-0.019555937162069
"56","laying","10","mean","Y",-0.024294484137931,-0.139297681034483,-0.0770325657265517
"57","laying","10","mean","Z",-0.117168642362069,-0.031121624137931,0.104720478344828
"58","laying","10","std","X",-0.968283685,-0.954531941896552,-0.961713199827586
"59","laying","10","std","Y",-0.946454302068966,-0.966701156034483,-0.953660207586207
"60","laying","10","std","Z",-0.95947148637931,-0.963045642431035,-0.971940597413793
"61","laying","11","mean","X",0.280592970877193,-0.134832031403509,-0.0191743840136842
"62","laying","11","mean","Y",-0.0176598052315789,0.943017941403509,-0.041559989822807
"63","laying","11","mean","Z",-0.108786578070175,0.112620189964912,0.152019015929825
"64","laying","11","std","X",-0.98477733,-0.97956560245614,-0.980836884561403
"65","laying","11","std","Y",-0.972196873859649,-0.990765579649123,-0.982442644035088
"66","laying","11","std","Z",-0.971311176842105,-0.984192606315789,-0.959897432807018
"67","laying","12","mean","X",0.260113433,-0.3785920653,-0.0146546807316667
"68","laying","12","mean","Y",-0.0175203917146667,0.8033788345,-0.0835537350333333
"69","laying","12","mean","Z",-0.108160125666667,0.2750431984,0.14519184795
"70","laying","12","std","X",-0.95531868,-0.936458309333333,-0.966090742
"71","laying","12","std","Y",-0.949072009333333,-0.974396492666667,-0.953873893833333
"72","laying","12","std","Z",-0.9483338435,-0.9596439555,-0.950157442166667
"73","laying","13","mean","X",0.276716360483871,-0.156852206467742,-0.00973609968045161
"74","laying","13","mean","Y",-0.020440454366129,0.656400944354839,-0.0966250701451613
"75","laying","13","mean","Z",-0.104331864532258,0.598884988709677,0.117819614790323
"76","laying","13","std","X",-0.968891989354839,-0.957875244677419,-0.972143470322581
"77","laying","13","std","Y",-0.950947949516129,-0.975948136290323,-0.96270462
"78","laying","13","std","Z",-0.950392995483871,-0.959892863709677,-0.967350513709678
"79","laying","14","mean","X",0.233275439803922,-0.145483631627451,0.00505221181607843
"80","laying","14","mean","Y",-0.0113424652490196,0.48539692745098,-0.153423807745098
"81","laying","14","mean","Z",-0.0868333315509804,0.83656291,0.149124058235294
"82","laying","14","std","X",-0.917501887333333,-0.862136937254902,-0.957221015098039
"83","laying","14","std","Y",-0.909697040980392,-0.94877486372549,-0.932499780588235
"84","laying","14","std","Z",-0.900331921686275,-0.90130385627451,-0.952296965294118
"85","laying","15","mean","X",0.2894756525,-0.1719930545,-0.0168300887791667
"86","laying","15","mean","Y",-0.0166296542054167,0.899242553055556,-0.0619700871944444
"87","laying","15","mean","Z",-0.118530240291667,-0.0369192905555556,0.113451899791667
"88","laying","15","std","X",-0.972255551527778,-0.961509742916667,-0.957167680694444
"89","laying","15","std","Y",-0.962759422361111,-0.986036192361111,-0.961142911805556
"90","laying","15","std","Z",-0.929586835277778,-0.950710357083333,-0.956537051666667
"91","laying","16","mean","X",0.274227162571429,-0.206783742242857,-0.0161545406857143
"92","laying","16","mean","Y",-0.0166103510562857,-0.0199270225714286,-0.113675060885714
"93","laying","16","mean","Z",-0.107310493242857,0.893884468571429,0.0966210349428571
"94","laying","16","std","X",-0.973691429428571,-0.963761977857143,-0.977010769857143
"95","laying","16","std","Y",-0.943061150285714,-0.966087103857143,-0.970747514
"96","laying","16","std","Z",-0.965490276285714,-0.967886002,-0.984781484857143
"97","laying","17","mean","X",0.269780085577465,-0.19913309,-0.0234756467113239
"98","laying","17","mean","Y",-0.0168462006729577,0.658792072253521,-0.0944580192535211
"99","laying","17","mean","Z",-0.107006279704225,0.722657502112676,0.111440490309859
"100","laying","17","std","X",-0.972960567323944,-0.961063222394366,-0.975893061830986
"101","laying","17","std","Y",-0.944792875211268,-0.961466681267606,-0.971484336197183
"102","laying","17","std","Z",-0.953476700140845,-0.957164565211268,-0.976200771267606
"103","laying","18","mean","X",0.274691576923077,-0.220600509076923,-0.02517618068
"104","laying","18","mean","Y",-0.0173937684615385,0.719755403692308,-0.0837587308153846
"105","laying","18","mean","Z",-0.107698927907692,0.605495317692308,0.0937781948153846
"106","laying","18","std","X",-0.984527649230769,-0.982715987538462,-0.992872598
"107","laying","18","std","Y",-0.986160920923077,-0.994093522615385,-0.984202872923077
"108","laying","18","std","Z",-0.987658662307692,-0.990957249538462,-0.985108386307692
"109","laying","19","mean","X",0.272653733493976,-0.680043155060241,-0.0312072730559566
"110","laying","19","mean","Y",-0.0171426864421687,0.725646622771084,-0.0952628014096386
"111","laying","19","mean","Z",-0.10898146186747,0.68762385253012,0.10860511373494
"112","laying","19","std","X",-0.965019579518072,-0.958959611084337,-0.981357611445783
"113","laying","19","std","Y",-0.973449968554217,-0.986993149638554,-0.963617705662651
"114","laying","19","std","Z",-0.984672837228916,-0.988819031566265,-0.973197523855422
"115","laying","20","mean","X",0.239507882205882,-0.472431415573529,-0.0231760616308824
"116","laying","20","mean","Y",-0.0144406281132353,0.864882956617647,-0.0954899626029412
"117","laying","20","mean","Z",-0.104274322538235,0.477573305,0.123680209926471
"118","laying","20","std","X",-0.962249114705882,-0.928674215147059,-0.984477414264706
"119","laying","20","std","Y",-0.964098180294118,-0.976018476911765,-0.972941910294118
"120","laying","20","std","Z",-0.972571998382353,-0.9765185525,-0.972409893529412
"121","laying","21","mean","X",0.271325472455556,-0.174349174822222,-0.0305126188777778
"122","laying","21","mean","Y",-0.0184233048415556,0.599992678,-0.113800486377778
"123","laying","21","mean","Z",-0.103253832233333,0.788251027111111,0.0980906517
"124","laying","21","std","X",-0.955019866222222,-0.945905270555556,-0.975411857555555
"125","laying","21","std","Y",-0.956959422222222,-0.983732936111111,-0.952147091444445
"126","laying","21","std","Z",-0.945653787777778,-0.952416332444444,-0.981345430888889
"127","laying","22","mean","X",0.279959721194444,-0.418494577083333,-0.0208311371125
"128","laying","22","mean","Y",-0.0142629864502778,0.632484075694444,-0.09257231175
"129","laying","22","mean","Z",-0.110800924652778,0.771903907083333,0.145003879319444
"130","laying","22","std","X",-0.947735251944445,-0.928781249027778,-0.956641905833333
"131","laying","22","std","Y",-0.913276301666667,-0.958826938556945,-0.9618849625
"132","laying","22","std","Z",-0.942945807916667,-0.952435389166667,-0.933251870694444
"133","laying","23","mean","X",0.274038007986111,-0.391564962777778,-0.0113399724663889
"134","laying","23","mean","Y",-0.0216553835833333,0.438434067361111,-0.105052917
"135","laying","23","mean","Z",-0.104256776291667,0.918782825277778,0.111078594708333
"136","laying","23","std","X",-0.956756363194444,-0.947948758194444,-0.981849400972222
"137","laying","23","std","Y",-0.976309827361111,-0.982794562916667,-0.959195236388889
"138","laying","23","std","Z",-0.973223495416667,-0.976780462083333,-0.983920132638889
"139","laying","24","mean","X",0.272850494930556,-0.359292534027778,-0.0143679929444444
"140","laying","24","mean","Y",-0.0173555210111111,0.738430699305555,-0.0955538053611111
"141","laying","24","mean","Z",-0.107236237236111,0.683839909722222,0.111730746333333
"142","laying","24","std","X",-0.967984021111111,-0.960412164305556,-0.982651720138889
"143","laying","24","std","Y",-0.983126461944444,-0.993454358055556,-0.960299550972222
"144","laying","24","std","Z",-0.973566958888889,-0.979239668194445,-0.98170136125
"145","laying","25","mean","X",0.250791828613699,-0.461102531369863,0.00372723459589041
"146","laying","25","mean","Y",-0.0188943663671233,0.620658919917808,-0.0716401726150685
"147","laying","25","mean","Z",-0.100428830260274,0.526353818315069,0.139718671465753
"148","laying","25","std","X",-0.909116474109589,-0.829554947808219,-0.889769639726027
"149","laying","25","std","Y",-0.691770680561644,-0.643578361424658,-0.936630803287671
"150","laying","25","std","Z",-0.717262004013699,-0.610161166287671,-0.91092799
"151","laying","26","mean","X",0.271645864540789,-0.621309715263158,-0.0170656239526316
"152","laying","26","mean","Y",-0.0191895728026316,0.803015011578947,-0.0903229228815789
"153","laying","26","mean","Z",-0.105002540289474,0.614523405921053,0.152436344328947
"154","laying","26","std","X",-0.969445445263158,-0.944472488552632,-0.990328197763158
"155","laying","26","std","Y",-0.983231351842105,-0.987887995263158,-0.97932567881579
"156","laying","26","std","Z",-0.984500013157895,-0.984081708947368,-0.969302237763158
"157","laying","27","mean","X",0.274102492432432,-0.530434604864865,-0.0195427328781081
"158","laying","27","mean","Y",-0.0179867611216216,0.567879494054054,-0.0957839566891892
"159","laying","27","mean","Z",-0.107699732837838,0.84539238027027,0.118738360783784
"160","laying","27","std","X",-0.978455153108108,-0.971183862702703,-0.988837212162162
"161","laying","27","std","Y",-0.983736043783784,-0.993701742972973,-0.98428747527027
"162","laying","27","std","Z",-0.986636996081081,-0.989056311351351,-0.97837499972973
"163","laying","28","mean","X",0.2759134825,-0.490334541875,-0.017367705735
"164","laying","28","mean","Y",-0.0167537858225,0.1440732745,-0.097448733725
"165","laying","28","mean","Z",-0.1083448529625,0.0157570025,0.09357912315
"166","laying","28","std","X",-0.9688882955,-0.970599089375,-0.95516227975
"167","laying","28","std","Y",-0.945386780375,-0.9697590285,-0.960057463625
"168","laying","28","std","Z",-0.956450342875,-0.97912466575,-0.96237491175
"169","laying","29","mean","X",0.287295196811594,-0.346789842753623,-0.0258281004782609
"170","laying","29","mean","Y",-0.0171965484202899,0.807535373478261,-0.0761814357028986
"171","laying","29","mean","Z",-0.109462068173913,0.590452224057971,0.127411971652174
"172","laying","29","std","X",-0.984219555507246,-0.972939889855073,-0.994276591304348
"173","laying","29","std","Y",-0.990240946666667,-0.99424764884058,-0.992750957826087
"174","laying","29","std","Z",-0.987255149855072,-0.985778178260869,-0.97499461942029
"175","laying","30","mean","X",0.281033900571429,-0.344737755285714,-0.0267812218571429
"176","laying","30","mean","Y",-0.0194494098614286,0.732661247714286,-0.0761476351714286
"177","laying","30","mean","Z",-0.1036581505,0.681459210714286,0.0938472163142857
"178","laying","30","std","X",-0.976362515428571,-0.979563942714286,-0.973662822428571
"179","laying","30","std","Y",-0.954201823857143,-0.988930714857143,-0.966041673
"180","laying","30","std","Z",-0.967044236428572,-0.983274524857143,-0.968889156142857
"181","sitting","1","mean","X",0.261237565425532,0.831509933404255,-0.045350056512766
"182","sitting","1","mean","Y",-0.00130828765170213,0.204411592680851,-0.0919241549361702
"183","sitting","1","mean","Z",-0.104544182255319,0.332043702765957,0.0629313811914894
"184","sitting","1","std","X",-0.977229008297872,-0.968457145744681,-0.977211283191489
"185","sitting","1","std","Y",-0.922618641914894,-0.935517055957447,-0.966473895319149
"186","sitting","1","std","Z",-0.93958629106383,-0.949040933191489,-0.941425920851064
"187","sitting","2","mean","X",0.27708735173913,0.940477273043478,-0.0454706620434783
"188","sitting","2","mean","Y",-0.0156879937282609,-0.105630024498783,-0.0599286797043478
"189","sitting","2","mean","Z",-0.109218272456522,0.19872676876087,0.0412277462173913
"190","sitting","2","std","X",-0.986822279565217,-0.979988760869565,-0.985742027826087
"191","sitting","2","std","Y",-0.950704499130435,-0.956750273043478,-0.978919526956522
"192","sitting","2","std","Z",-0.95982817173913,-0.954415873043478,-0.959803708695652
"193","sitting","3","mean","X",0.257197599134615,0.901098984615385,-0.0385365204807692
"194","sitting","3","mean","Y",-0.00350299841730769,0.127303379245962,-0.07524100275
"195","sitting","3","mean","Z",-0.0983579203269231,0.139020582461538,0.0940113975530769
"196","sitting","3","std","X",-0.971010120961538,-0.957324457884615,-0.965434768461539
"197","sitting","3","std","Y",-0.856617812115385,-0.903923008269231,-0.944854571346154
"198","sitting","3","std","Z",-0.875110175384615,-0.897736318269231,-0.926413710384615
"199","sitting","4","mean","X",0.27153827992,0.8693030064,-0.04944351156
"200","sitting","4","mean","Y",-0.007163065158,0.211622539936894,-0.08943006108
"201","sitting","4","mean","Z",-0.10587459588,0.11012048108,0.10115033478
"202","sitting","4","std","X",-0.980309931,-0.9814052948,-0.9701317904
"203","sitting","4","std","Y",-0.89022398108,-0.93272710386,-0.9584681204
"204","sitting","4","std","Z",-0.9322030066,-0.9509492546,-0.9279722294
"205","sitting","5","mean","X",0.273694139545455,0.880731443863636,-0.0422355209795455
"206","sitting","5","mean","Y",-0.00990083527045455,0.168445524,-0.0835484079545454
"207","sitting","5","mean","Z",-0.108540300265909,0.143006857611364,0.0823934451590909
"208","sitting","5","std","X",-0.980945022045455,-0.983137541590909,-0.966225485
"209","sitting","5","std","Y",-0.904335121022727,-0.939942979795455,-0.950064068181818
"210","sitting","5","std","Z",-0.926094740227273,-0.945008999545454,-0.940637937045455
"211","sitting","6","mean","X",0.276778487454545,0.933692934909091,-0.0372442282830909
"212","sitting","6","mean","Y",-0.0145911615290909,0.0682628663363636,-0.0899083302550909
"213","sitting","6","mean","Z",-0.110127728709091,0.0695219657167273,0.0854346006181818
"214","sitting","6","std","X",-0.980164933636364,-0.988872369272727,-0.957367681818182
"215","sitting","6","std","Y",-0.923682131090909,-0.960875994727273,-0.944130044727273
"216","sitting","6","std","Z",-0.925797097090909,-0.955475832363636,-0.939681350909091
"217","sitting","7","mean","X",0.284674637291667,0.969147824375,-0.04963797197125
"218","sitting","7","mean","Y",-0.01461097580375,0.00608846646041667,-0.03361196465625
"219","sitting","7","mean","Z",-0.122464597625,0.0649636250354167,0.0259476655145833
"220","sitting","7","std","X",-0.972668374583333,-0.957082433333333,-0.941870953333333
"221","sitting","7","std","Y",-0.909454698541667,-0.945436264583333,-0.944124336458333
"222","sitting","7","std","Z",-0.8565329414375,-0.868602535416667,-0.937021208541667
"223","sitting","8","mean","X",0.267491472934783,0.832453878043478,-0.0547396987173913
"224","sitting","8","mean","Y",-0.00672550621304348,0.240095117065217,-0.0955089236521739
"225","sitting","8","mean","Z",-0.104461049130435,0.263895185521739,0.0716048809782609
"226","sitting","8","std","X",-0.979026152391304,-0.966757967173913,-0.984524052826087
"227","sitting","8","std","Y",-0.927331997021739,-0.937462301369565,-0.97150069673913
"228","sitting","8","std","Z",-0.939553030217391,-0.935475331521739,-0.959623548478261
"229","sitting","9","mean","X",0.24832674354,0.9163245106,-0.042328876778
"230","sitting","9","mean","Y",-0.02701677698,-0.0414258228938,-0.04142711812
"231","sitting","9","mean","Z",-0.07537846886,0.085263099144,0.0807919285908
"232","sitting","9","std","X",-0.9572277914,-0.9552804062,-0.9590200492
"233","sitting","9","std","Y",-0.875141405,-0.94645197,-0.9191882264
"234","sitting","9","std","Z",-0.83200187268,-0.88585411242,-0.9301768338
"235","sitting","10","mean","X",0.270612056481481,0.791887198148148,-0.0432432176851852
"236","sitting","10","mean","Y",-0.015042681852037,-0.041260775,-0.0679993598888889
"237","sitting","10","mean","Z",-0.104253238796296,0.20253457287037,0.0745958869444444
"238","sitting","10","std","X",-0.982901825925926,-0.973128354074074,-0.988873097222222
"239","sitting","10","std","Y",-0.917979529962963,-0.935690006481481,-0.984373304814815
"240","sitting","10","std","Z",-0.967826981666667,-0.966898520555556,-0.960445962037037
"241","sitting","11","mean","X",0.276590197358491,0.871963798301887,-0.0399984915849057
"242","sitting","11","mean","Y",-0.0149195616754717,0.213716305739623,-0.0755284478679245
"243","sitting","11","mean","Z",-0.112840218339623,0.188531695981132,0.0761739419056604
"244","sitting","11","std","X",-0.982796562075472,-0.988069341132075,-0.988164911509434
"245","sitting","11","std","Y",-0.921402118113207,-0.949792572075472,-0.982249040188679
"246","sitting","11","std","Z",-0.968370181886792,-0.971661610754717,-0.95284431245283
"247","sitting","12","mean","X",0.275007224901961,0.926228975490196,-0.0424159182941177
"248","sitting","12","mean","Y",-0.0157892988523529,0.0830509010823529,-0.0751980398235294
"249","sitting","12","mean","Z",-0.106307228960784,0.0885640696078431,0.0728462158235294
"250","sitting","12","std","X",-0.982568781960784,-0.985203642352941,-0.974425351960784
"251","sitting","12","std","Y",-0.92858124,-0.963641979215686,-0.960497127647059
"252","sitting","12","std","Z",-0.939661889019608,-0.956208629607843,-0.951552533137255
"253","sitting","13","mean","X",0.274328499591837,0.92557651244898,-0.0355124856836735
"254","sitting","13","mean","Y",-0.00587732936326531,0.101769752489796,-0.0902687401836735
"255","sitting","13","mean","Z",-0.0972465110836735,0.0757773858163265,0.0823432026610204
"256","sitting","13","std","X",-0.989546275306122,-0.981379112653061,-0.985844263265306
"257","sitting","13","std","Y",-0.938967741632653,-0.951353064693878,-0.979668456122449
"258","sitting","13","std","Z",-0.938641215510204,-0.930979556938776,-0.966896414285714
"259","sitting","14","mean","X",0.279990577037037,0.939038759814815,-0.0440403326851852
"260","sitting","14","mean","Y",-0.00870565463888889,-0.0364533962277778,-0.0713478280925926
"261","sitting","14","mean","Z",-0.100401490425926,-0.0945970534814815,0.0928523607037037
"262","sitting","14","std","X",-0.976302248148148,-0.976280399444444,-0.980829981481481
"263","sitting","14","std","Y",-0.914935703907407,-0.95032266362963,-0.962048191666667
"264","sitting","14","std","Z",-0.922774835740741,-0.938415738148148,-0.952904383518518
"265","sitting","15","mean","X",0.27290337979661,0.89036426220339,-0.0377111130338983
"266","sitting","15","mean","Y",-0.0117188472271186,0.210849305016949,-0.0803428762830508
"267","sitting","15","mean","Z",-0.11366125320339,0.00281565980440678,0.0951978083898305
"268","sitting","15","std","X",-0.987084356101695,-0.982620883728814,-0.988204115254237
"269","sitting","15","std","Y",-0.922407162881356,-0.943561411694915,-0.975321519491525
"270","sitting","15","std","Z",-0.949338025084746,-0.952973658983051,-0.963765802881356
"271","sitting","16","mean","X",0.280768574492754,0.942457377971014,-0.0412014042275362
"272","sitting","16","mean","Y",-0.0102497939956522,-0.086588253942029,-0.0574525433043478
"273","sitting","16","mean","Z",-0.0891404038405797,0.0892682200463768,0.0795736310463768
"274","sitting","16","std","X",-0.986825605362319,-0.980158243333333,-0.981037373333333
"275","sitting","16","std","Y",-0.951607872463768,-0.968023206956522,-0.958336595507246
"276","sitting","16","std","Z",-0.939672247101449,-0.945813561478261,-0.960287831304348
"277","sitting","17","mean","X",0.2773570196875,0.94488374765625,-0.042549159015625
"278","sitting","17","mean","Y",-0.014156274084375,-0.002814673171875,-0.0669245931234375
"279","sitting","17","mean","Z",-0.11362408509375,-0.135803881679687,0.0860053803375
"280","sitting","17","std","X",-0.9944439053125,-0.99019661703125,-0.98963832578125
"281","sitting","17","std","Y",-0.96185862984375,-0.9667201059375,-0.98612868078125
"282","sitting","17","std","Z",-0.96572919578125,-0.9566106440625,-0.9797052259375
"283","sitting","18","mean","X",0.27727001877193,0.909816469298246,-0.0333057034385965
"284","sitting","18","mean","Y",-0.0128691279736842,0.12988647622807,-0.0685796341105263
"285","sitting","18","mean","Z",-0.111904775824561,0.161877417894737,0.0848140511754386
"286","sitting","18","std","X",-0.994347988596491,-0.994043771403509,-0.991956958947368
"287","sitting","18","std","Y",-0.974928131052632,-0.984035479473684,-0.986753343859649
"288","sitting","18","std","Z",-0.977572717017544,-0.978340183157895,-0.981525495438596
"289","sitting","19","mean","X",0.273830316164384,0.581371509041096,-0.0214151280054795
"290","sitting","19","mean","Y",-0.016739260030137,0.360343534657534,-0.0520207886438356
"291","sitting","19","mean","Z",-0.10870765430137,0.489126594657534,0.0968980718168493
"292","sitting","19","std","X",-0.976357663013699,-0.969355010136986,-0.984625306849315
"293","sitting","19","std","Y",-0.950388943972603,-0.96996981369863,-0.959758309589041
"294","sitting","19","std","Z",-0.951929615068493,-0.960394960821918,-0.96559497630137
"295","sitting","20","mean","X",0.278045439090909,0.924454522424242,-0.036405928969697
"296","sitting","20","mean","Y",-0.0147229305131818,0.0733385412878788,-0.0650689347121212
"297","sitting","20","mean","Z",-0.108369634515152,0.151679135228788,0.0642882138333333
"298","sitting","20","std","X",-0.983081858939394,-0.985829034393939,-0.976309017121212
"299","sitting","20","std","Y",-0.93612270469697,-0.966983534242424,-0.960104508636364
"300","sitting","20","std","Z",-0.929106396818182,-0.935854966151515,-0.945771803484848
"301","sitting","21","mean","X",0.277539616823529,0.940031368,-0.0198712820612471
"302","sitting","21","mean","Y",-0.0144009705494118,0.0215206708823529,-0.0653077503317647
"303","sitting","21","mean","Z",-0.112057887741176,-0.0567766060705882,0.0831326042823529
"304","sitting","21","std","X",-0.991777287176471,-0.992936404470588,-0.988410501294118
"305","sitting","21","std","Y",-0.966877560941176,-0.979355363176471,-0.976380487294118
"306","sitting","21","std","Z",-0.959567861764706,-0.965426493882353,-0.976972658588235
"307","sitting","22","mean","X",0.273583822709677,0.839305928709677,-0.0360430675032258
"308","sitting","22","mean","Y",-0.0123468446419355,0.208553884,-0.0793617444354839
"309","sitting","22","mean","Z",-0.105827369516129,0.315551492322581,0.0804426775241936
"310","sitting","22","std","X",-0.978466823709677,-0.972009988709677,-0.981099172419355
"311","sitting","22","std","Y",-0.928059133795645,-0.954225015274194,-0.950173478548387
"312","sitting","22","std","Z",-0.917564853870968,-0.927950649854839,-0.946501417741935
"313","sitting","23","mean","X",0.273351251617647,0.936509242941177,-0.0472583464367647
"314","sitting","23","mean","Y",-0.0133945015676471,0.1217510625,-0.0684325551029412
"315","sitting","23","mean","Z",-0.103808679294118,0.0630111556279412,0.0645673209117647
"316","sitting","23","std","X",-0.987607636617647,-0.984536722205882,-0.980363734264706
"317","sitting","23","std","Y",-0.934933559264706,-0.960917426323529,-0.948109526029412
"318","sitting","23","std","Z",-0.905584390323529,-0.923953600294118,-0.9597186325
"319","sitting","24","mean","X",0.273475690147059,0.919637604411765,-0.0356229619955882
"320","sitting","24","mean","Y",-0.0131255097938235,0.182254651955882,-0.0750132697044118
"321","sitting","24","mean","Z",-0.103041061426471,0.109559621020588,0.0800440230882353
"322","sitting","24","std","X",-0.990593766617647,-0.989660149852941,-0.988111648676471
"323","sitting","24","std","Y",-0.956255962058823,-0.971692544705882,-0.977954005147059
"324","sitting","24","std","Z",-0.957056111470588,-0.963406795735294,-0.971277654117647
"325","sitting","25","mean","X",0.278541482461538,0.865686078153846,-0.0352052091230769
"326","sitting","25","mean","Y",-0.0147696808030769,0.208287142261538,-0.0748002714615385
"327","sitting","25","mean","Z",-0.109160440476923,0.167140956385077,0.0852783892769231
"328","sitting","25","std","X",-0.991892828615385,-0.988879980615385,-0.989907584153846
"329","sitting","25","std","Y",-0.947457617061538,-0.963415016923077,-0.981193501846154
"330","sitting","25","std","Z",-0.965139552153846,-0.969459982461539,-0.972637558615385
"331","sitting","26","mean","X",0.258243530166667,0.782955611794872,-0.0370217449628205
"332","sitting","26","mean","Y",-0.00713364541358974,0.223105562025641,-0.0840648503320513
"333","sitting","26","mean","Z",-0.0974448692333333,0.314387627435897,0.0711109471666667
"334","sitting","26","std","X",-0.979768987948718,-0.965082925641026,-0.991027700512821
"335","sitting","26","std","Y",-0.94079896551282,-0.949286700807692,-0.973444813846154
"336","sitting","26","std","Z",-0.950004414102564,-0.944580863846154,-0.966441338076923
"337","sitting","27","mean","X",0.273941302571429,0.839464714,-0.0371830822285714
"338","sitting","27","mean","Y",-0.0155269799285714,0.212947021371429,-0.0797345645214286
"339","sitting","27","mean","Z",-0.105521912588571,0.276417431042857,0.0833752812157143
"340","sitting","27","std","X",-0.988580107714286,-0.982445738,-0.988492425142857
"341","sitting","27","std","Y",-0.971579125714286,-0.982553336571429,-0.982067465142857
"342","sitting","27","std","Z",-0.965858735142857,-0.967268066,-0.975713310142857
"343","sitting","28","mean","X",0.276977629444444,0.907331309166667,-0.0339018030166667
"344","sitting","28","mean","Y",-0.0185404441258333,-0.112596728361111,-0.0673943850555556
"345","sitting","28","mean","Z",-0.111517939555556,0.135402566816667,0.087025401375
"346","sitting","28","std","X",-0.983272806805556,-0.989132499583333,-0.979671983472222
"347","sitting","28","std","Y",-0.939905244861111,-0.971766352361111,-0.956316505972222
"348","sitting","28","std","Z",-0.936667245694444,-0.956087679583333,-0.9566328025
"349","sitting","29","mean","X",0.2771799775,0.891563755166667,-0.0379271112333333
"350","sitting","29","mean","Y",-0.016630680375,0.1556594569,-0.0755797672133333
"351","sitting","29","mean","Z",-0.1104118192,0.286256063666667,0.0580495969166667
"352","sitting","29","std","X",-0.9907450195,-0.984679151833333,-0.990178704833333
"353","sitting","29","std","Y",-0.963222497833333,-0.973604289833333,-0.988334019666667
"354","sitting","29","std","Z",-0.968063878166667,-0.966032045333333,-0.971227991666667
"355","sitting","30","mean","X",0.268336081379032,0.825473836935484,-0.0358426482048387
"356","sitting","30","mean","Y",-0.00804731295322581,0.114588392624871,-0.074353558416129
"357","sitting","30","mean","Z",-0.099515446133871,0.34476602,0.0702002598387097
"358","sitting","30","std","X",-0.983622744193548,-0.978364712258065,-0.988132669516129
"359","sitting","30","std","Y",-0.937857000806452,-0.959361306774194,-0.976477561935484
"360","sitting","30","std","Z",-0.950654041290323,-0.956635663064516,-0.955053200806452
"361","standing","1","mean","X",0.278917629056604,0.942952000377358,-0.0239877347979245
"362","standing","1","mean","Y",-0.0161375901037736,-0.272983832264151,-0.0593972209811321
"363","standing","1","mean","Z",-0.110601817735849,0.0134905823226415,0.074800751
"364","standing","1","std","X",-0.995759901509434,-0.99376298509434,-0.987191946603774
"365","standing","1","std","Y",-0.973190056415094,-0.981225957924528,-0.98773444
"366","standing","1","std","Z",-0.979775876981132,-0.976324063584906,-0.980645626981132
"367","standing","2","mean","X",0.277911472222222,0.896928566851852,-0.0238623875712963
"368","standing","2","mean","Y",-0.0184208270166667,-0.370062696851852,-0.0820396577592593
"369","standing","2","mean","Z",-0.105908536055556,0.129747161222222,0.0878351695481482
"370","standing","2","std","X",-0.987271889259259,-0.986685818703704,-0.972998629814815
"371","standing","2","std","Y",-0.957304989259259,-0.97419442037037,-0.971441996481482
"372","standing","2","std","Z",-0.949741851296296,-0.945927078703704,-0.964856701851852
"373","standing","3","mean","X",0.280046513278689,0.93503077852459,-0.0246626070770492
"374","standing","3","mean","Y",-0.0143376555065574,-0.301735130327869,-0.0585101918262295
"375","standing","3","mean","Z",-0.101621722633148,0.024763106752459,0.0665262054098361
"376","standing","3","std","X",-0.96674254295082,-0.982020428032787,-0.900462227540984
"377","standing","3","std","Y",-0.893449307213115,-0.957425321803279,-0.927788618196721
"378","standing","3","std","Z",-0.911419015081967,-0.928161577377049,-0.91236408147541
"379","standing","4","mean","X",0.280499745892857,0.95619779125,-0.0306449342357143
"380","standing","4","mean","Y",-0.00948911098553571,-0.0759009061071429,-0.061824850625
"381","standing","4","mean","Z",-0.0961574905535714,0.166893825946429,0.0755636430892857
"382","standing","4","std","X",-0.97692058,-0.972908355892857,-0.909687974464286
"383","standing","4","std","Y",-0.86159737875,-0.917613464821429,-0.949227146964286
"384","standing","4","std","Z",-0.896880538392857,-0.899404775267857,-0.909995038571428
"385","standing","5","mean","X",0.282544390892857,0.960188699107143,-0.0322711902673214
"386","standing","5","mean","Y",-0.00700418554517857,-0.03871012665,-0.050987505
"387","standing","5","mean","Z",-0.102171095696429,0.138638436607143,0.0690945763946429
"388","standing","5","std","X",-0.968591815714286,-0.974088206071429,-0.910395222321429
"389","standing","5","std","Y",-0.869439913392857,-0.931973943392857,-0.933738104107143
"390","standing","5","std","Z",-0.869327321785714,-0.914608495714286,-0.907471555714286
"391","standing","6","mean","X",0.280346248596491,0.945139003859649,-0.028251913022807
"392","standing","6","mean","Y",-0.0181236327175439,-0.230251036140351,-0.0589823639438597
"393","standing","6","mean","Z",-0.112172831947368,0.0139193473596491,0.0767394745964912
"394","standing","6","std","X",-0.981758159649123,-0.985583066842105,-0.947561298596491
"395","standing","6","std","Y",-0.921493191754386,-0.96844910122807,-0.94248658631579
"396","standing","6","std","Z",-0.925692371929825,-0.942795062280702,-0.947782155964912
"397","standing","7","mean","X",0.282723539433962,0.958728687924528,-0.0291582212545283
"398","standing","7","mean","Y",-0.0145740341037736,-0.117607048924528,-0.0774336443396226
"399","standing","7","mean","Z",-0.0997778303207547,-0.0516573721320755,0.0851045000566038
"400","standing","7","std","X",-0.979307570377358,-0.987917503962264,-0.945247687358491
"401","standing","7","std","Y",-0.923400921886792,-0.966162998679245,-0.949646946792453
"402","standing","7","std","Z",-0.917064168490566,-0.939161014716981,-0.951630777358491
"403","standing","8","mean","X",0.279620986111111,0.957669921111111,-0.0219671978203704
"404","standing","8","mean","Y",-0.0148113067148148,-0.0904603488214815,-0.0280117633814815
"405","standing","8","mean","Z",-0.106114996837037,-0.0979392024814815,0.063688907
"406","standing","8","std","X",-0.988815418148148,-0.987690217222222,-0.972990379814815
"407","standing","8","std","Y",-0.938479429074074,-0.958904114074074,-0.969421045555556
"408","standing","8","std","Z",-0.926065255185185,-0.918293913703704,-0.974118322407407
"409","standing","9","mean","X",0.282310057333333,0.961323502222222,-0.029183136346
"410","standing","9","mean","Y",-0.0200454954022222,-0.010383816474,-0.060810158296
"411","standing","9","mean","Z",-0.0952747481333333,0.00914769235555555,0.0992409332222222
"412","standing","9","std","X",-0.975741252444444,-0.989103160444445,-0.921990612
"413","standing","9","std","Y",-0.938635759333333,-0.972573867555556,-0.946046640444444
"414","standing","9","std","Z",-0.919295805777778,-0.932245295111111,-0.939889737333333
"415","standing","10","mean","X",0.276650300681818,0.954008785454545,-0.0281854325604545
"416","standing","10","mean","Y",-0.0155418603409091,-0.0431597830454545,-0.0876820486363636
"417","standing","10","mean","Z",-0.107964083931818,0.0346980210431818,0.103251560681818
"418","standing","10","std","X",-0.978403481818182,-0.991259485,-0.929895057954545
"419","standing","10","std","Y",-0.919561843409091,-0.975410724090909,-0.958861164090909
"420","standing","10","std","Z",-0.941271440454545,-0.959579657727273,-0.953681099545455
"421","standing","11","mean","X",0.277715562765957,0.956464535957447,-0.0293141521489362
"422","standing","11","mean","Y",-0.0171990886595745,-0.173082704680851,-0.0765465041914894
"423","standing","11","mean","Z",-0.108686630425532,0.127198423404255,0.0810588216170213
"424","standing","11","std","X",-0.994978878723404,-0.994529398085106,-0.980242494680851
"425","standing","11","std","Y",-0.964173331702128,-0.981047828723404,-0.994210471914894
"426","standing","11","std","Z",-0.986382712765957,-0.989433253617021,-0.980636664893617
"427","standing","12","mean","X",0.277405834918033,0.957317821803279,-0.0300030427426229
"428","standing","12","mean","Y",-0.0169002543196721,-0.21886535557377,-0.0700083750360656
"429","standing","12","mean","Z",-0.105526999754098,-0.0395382767304918,0.074256819
"430","standing","12","std","X",-0.981243992459016,-0.985314210491803,-0.883655251803279
"431","standing","12","std","Y",-0.923140254098361,-0.970482614590164,-0.941469207540984
"432","standing","12","std","Z",-0.920684800114754,-0.939534099016394,-0.950364757540984
"433","standing","13","mean","X",0.277758431052632,0.942695296842105,-0.0295492164431579
"434","standing","13","mean","Y",-0.0167891993964912,-0.239943146315789,-0.0753205243684211
"435","standing","13","mean","Z",-0.112124137754386,-0.0524856614035088,0.085471246877193
"436","standing","13","std","X",-0.991020759298246,-0.992232401754386,-0.955577395789474
"437","standing","13","std","Y",-0.949422439473684,-0.974681225789474,-0.971721755964912
"438","standing","13","std","Z",-0.967538031754386,-0.976827157368421,-0.973436596140351
"439","standing","14","mean","X",0.280545613833333,0.875319569,-0.0220886526891667
"440","standing","14","mean","Y",-0.01520781344,-0.226692231166667,-0.05581088271
"441","standing","14","mean","Z",-0.103817701790667,-0.338174888666667,0.07904758875
"442","standing","14","std","X",-0.973268905,-0.972005366333333,-0.9610917615
"443","standing","14","std","Y",-0.928525725333333,-0.965781048333333,-0.9462806205
"444","standing","14","std","Z",-0.9222763115,-0.940757718,-0.946589134666667
"445","standing","15","mean","X",0.278915803962264,0.965528899622642,-0.0262433562254717
"446","standing","15","mean","Y",-0.0183516360396226,-0.164713175490566,-0.0659637517169811
"447","standing","15","mean","Z",-0.105910832679245,0.0645975994528302,0.0761946738773585
"448","standing","15","std","X",-0.988949247358491,-0.988432084716981,-0.947790802075472
"449","standing","15","std","Y",-0.931900148301887,-0.965687978301887,-0.971332584339623
"450","standing","15","std","Z",-0.951670257924528,-0.958810153207547,-0.968167046415094
"451","standing","16","mean","X",0.283497402948718,0.941587749358974,-0.0299337294166667
"452","standing","16","mean","Y",-0.0165999672935897,-0.0578867045,-0.068667733
"453","standing","16","mean","Z",-0.103657729076923,-0.166737468166667,0.0867342708846154
"454","standing","16","std","X",-0.989076811794872,-0.985359689871795,-0.973400107564102
"455","standing","16","std","Y",-0.960298267692308,-0.980552435769231,-0.980110277307692
"456","standing","16","std","Z",-0.953468961666667,-0.959562830769231,-0.982357006410256
"457","standing","17","mean","X",0.277942503333333,0.904678547435897,-0.0269576937130769
"458","standing","17","mean","Y",-0.0174120064169231,-0.257486817948718,-0.0770632126371795
"459","standing","17","mean","Z",-0.111432145565,-0.202687757012821,0.0880561869358974
"460","standing","17","std","X",-0.991163919871795,-0.985751365769231,-0.981373082948718
"461","standing","17","std","Y",-0.968176663717949,-0.975810476025641,-0.985121164615385
"462","standing","17","std","Z",-0.970462679230769,-0.969171762179487,-0.985538363333333
"463","standing","18","mean","X",0.278458805890411,0.947573239863014,-0.0265873248835616
"464","standing","18","mean","Y",-0.0166353518150685,-0.204206320958904,-0.0732260127945206
"465","standing","18","mean","Z",-0.108453355945205,-0.0485767106575342,0.0843190675616438
"466","standing","18","std","X",-0.992019762739726,-0.994270075205479,-0.962254249589041
"467","standing","18","std","Y",-0.95422343630137,-0.981335941917808,-0.980417134246575
"468","standing","18","std","Z",-0.961873909178082,-0.976044291369863,-0.972820402739726
"469","standing","19","mean","X",0.27817226,0.944045837534247,-0.025090574020274
"470","standing","19","mean","Y",-0.0154244056945205,-0.223897807808219,-0.0631429827260274
"471","standing","19","mean","Z",-0.10904190460274,0.130643717849315,0.0710520180136986
"472","standing","19","std","X",-0.989910996849315,-0.992411542465753,-0.946109711917808
"473","standing","19","std","Y",-0.944430270684931,-0.971426607808219,-0.96957632369863
"474","standing","19","std","Z",-0.952599653972603,-0.958862043972603,-0.960734258356164
"475","standing","20","mean","X",0.278076904657534,0.911231752465753,-0.0241335049573973
"476","standing","20","mean","Y",-0.0180695049161644,-0.305938716712329,-0.0698308923617808
"477","standing","20","mean","Z",-0.100402759931507,0.0708655286023288,0.0773671448739726
"478","standing","20","std","X",-0.967209961232877,-0.981916942054795,-0.886749172739726
"479","standing","20","std","Y",-0.87541041109589,-0.957462721369863,-0.903913940684931
"480","standing","20","std","Z",-0.913142481643836,-0.942437325616438,-0.907343324657534
"481","standing","21","mean","X",0.27695224258427,0.881213341910112,-0.0191731896359551
"482","standing","21","mean","Y",-0.0167084730205618,-0.346155558876404,-0.0738115865407865
"483","standing","21","mean","Z",-0.110417855808989,-0.207685689775281,0.0864863265393259
"484","standing","21","std","X",-0.981419961123595,-0.982906668876405,-0.962514526067416
"485","standing","21","std","Y",-0.943601625393259,-0.977681415955056,-0.955979192696629
"486","standing","21","std","Z",-0.946123407078652,-0.958590002247191,-0.959327022022472
"487","standing","22","mean","X",0.279053861587302,0.954064297619048,-0.0275201762126984
"488","standing","22","mean","Y",-0.0158563207496825,-0.226418773650794,-0.0690067688269841
"489","standing","22","mean","Z",-0.104967423820635,0.0323824977714286,0.0733466563174603
"490","standing","22","std","X",-0.985000527142857,-0.992827298253968,-0.917837043333333
"491","standing","22","std","Y",-0.922693288412698,-0.971080742857143,-0.964714672857143
"492","standing","22","std","Z",-0.942201655238095,-0.958890201587302,-0.96058251031746
"493","standing","23","mean","X",0.277899323235294,0.919857125882353,-0.0327397745133823
"494","standing","23","mean","Y",-0.0177475547867647,-0.117401359697059,-0.0652264793213235
"495","standing","23","mean","Z",-0.1105970177575,-0.223631180906765,0.0816888999117647
"496","standing","23","std","X",-0.985421519558824,-0.984610385,-0.942011240294118
"497","standing","23","std","Y",-0.9584444925,-0.984818648823529,-0.948074760882353
"498","standing","23","std","Z",-0.929409745147059,-0.947199734411765,-0.962389689411765
"499","standing","24","mean","X",0.280348883913043,0.96644228,-0.0278611511434783
"500","standing","24","mean","Y",-0.0144785340348986,-0.145201300942029,-0.0692546674492754
"501","standing","24","mean","Z",-0.108222553855072,-0.0530585403536232,0.077124614942029
"502","standing","24","std","X",-0.98725587115942,-0.992197591884058,-0.960738660289855
"503","standing","24","std","Y",-0.936871974347826,-0.968155388695652,-0.967298518695652
"504","standing","24","std","Z",-0.930283530144927,-0.94618494942029,-0.969958678115942
"505","standing","25","mean","X",0.278013701621622,0.929794733108108,-0.0247946750959459
"506","standing","25","mean","Y",-0.0163569730274324,-0.159316786486486,-0.0698876853378378
"507","standing","25","mean","Z",-0.107352957594595,0.201182106486486,0.0852685438243243
"508","standing","25","std","X",-0.991970126756757,-0.993148267702703,-0.971357421216216
"509","standing","25","std","Y",-0.954569225945946,-0.980642970675676,-0.976757621081081
"510","standing","25","std","Z",-0.964642688108108,-0.967792578648649,-0.971814139189189
"511","standing","26","mean","X",0.281127035405405,0.965460891621622,-0.0245345837959459
"512","standing","26","mean","Y",-0.0166608306652703,-0.140315421824324,-0.0731385762635135
"513","standing","26","mean","Z",-0.110237796416216,0.0884142682297297,0.0776706781351351
"514","standing","26","std","X",-0.993069368783784,-0.992678782162162,-0.973785111216216
"515","standing","26","std","Y",-0.949466155405405,-0.966986433783784,-0.982408142702703
"516","standing","26","std","Z",-0.962988401351351,-0.964228470675676,-0.974891360675676
"517","standing","27","mean","X",0.279566921625,0.965351492,-0.026731653905
"518","standing","27","mean","Y",-0.016593236445,-0.188504847375,-0.067507120075
"519","standing","27","mean","Z",-0.107835818025,-0.00557416876082625,0.07168414632375
"520","standing","27","std","X",-0.9919515835,-0.994012162875,-0.9699020075
"521","standing","27","std","Y",-0.955171419,-0.97964105225,-0.982498991125
"522","standing","27","std","Z",-0.962408444875,-0.968169953625,-0.981281807
"523","standing","28","mean","X",0.277795069113924,0.948514848481013,-0.0253281543540506
"524","standing","28","mean","Y",-0.0172635124672152,-0.247656166582278,-0.0739001646962025
"525","standing","28","mean","Z",-0.106579385202532,-0.0385830501632911,0.0865173111012658
"526","standing","28","std","X",-0.977748638607595,-0.990059426582278,-0.884032232405063
"527","standing","28","std","Y",-0.875689216835443,-0.962801441898734,-0.940006320126582
"528","standing","28","std","Z",-0.905123824177215,-0.951782181518987,-0.925491442911392
"529","standing","29","mean","X",0.277965065846154,0.974508732,-0.0276075573307692
"530","standing","29","mean","Y",-0.0172605869061538,-0.05848715356,-0.0721060679123077
"531","standing","29","mean","Z",-0.108659067476923,0.0316145849747692,0.0827583768461538
"532","standing","29","std","X",-0.996068635384615,-0.996764227384615,-0.977994819846154
"533","standing","29","std","Y",-0.969295721076923,-0.985134032307692,-0.990364876307692
"534","standing","29","std","Z",-0.980207488923077,-0.984464543538461,-0.983368643230769
"535","standing","30","mean","X",0.277112699152542,0.968556705084746,-0.0276138535389831
"536","standing","30","mean","Y",-0.0170163887813559,-0.100296804186441,-0.0670334379830509
"537","standing","30","mean","Z",-0.108756209835593,0.0243044362542373,0.0802514754237288
"538","standing","30","std","X",-0.977559426949153,-0.996420919152542,-0.911408517966102
"539","standing","30","std","Y",-0.891654527118644,-0.958145763389831,-0.94070541220339
"540","standing","30","std","Z",-0.912850596949153,-0.949207368305085,-0.93083468440678
"541","walking","1","mean","X",0.277330758736842,0.935223201473684,-0.041830963526
"542","walking","1","mean","Y",-0.0173838185273684,-0.282165021263158,-0.0695300462115789
"543","walking","1","mean","Z",-0.111148103547368,-0.068102864,0.0849448173042105
"544","walking","1","std","X",-0.283740258842105,-0.976609642526316,-0.473535485894737
"545","walking","1","std","Y",0.114461336747368,-0.971305961473684,-0.0546077686594737
"546","walking","1","std","Z",-0.260027902210526,-0.947717226105263,-0.344266629473684
"547","walking","2","mean","X",0.276426586440678,0.91301733338983,-0.0530258157347458
"548","walking","2","mean","Y",-0.0185949199145763,-0.34660709,-0.0482382316949153
"549","walking","2","mean","Z",-0.105500357966102,0.0847270871186441,0.0828336633220339
"550","walking","2","std","X",-0.423642838474576,-0.972693201355932,-0.561550255762712
"551","walking","2","std","Y",-0.0780912533118644,-0.972116879661017,-0.53845366779661
"552","walking","2","std","Z",-0.425257524915254,-0.972072847627119,-0.481085535084746
"553","walking","3","mean","X",0.275567462068965,0.936506743275862,-0.0256405192517241
"554","walking","3","mean","Y",-0.0171767844203448,-0.261986357931034,-0.0779150937413793
"555","walking","3","mean","Z",-0.112674859827586,-0.138107866258621,0.0813485942827586
"556","walking","3","std","X",-0.360356726034483,-0.97777159137931,-0.571869560172414
"557","walking","3","std","Y",-0.0699140652103448,-0.962355639482759,-0.563793260172414
"558","walking","3","std","Z",-0.387411994310345,-0.952091795,-0.476696411551724
"559","walking","4","mean","X",0.278582015166667,0.963999696833333,-0.0317982557795
"560","walking","4","mean","Y",-0.0148399475341667,-0.0858540265666667,-0.0726905278583333
"561","walking","4","mean","Z",-0.11140306485,0.127764112666667,0.0805677161216667
"562","walking","4","std","X",-0.440829971333333,-0.983826494833333,-0.500916659
"563","walking","4","std","Y",-0.0788267367683333,-0.967963221,-0.665394092833333
"564","walking","4","std","Z",-0.586252806833333,-0.962968112,-0.662608226
"565","walking","5","mean","X",0.27784234625,0.972624959821428,-0.0488919896632143
"566","walking","5","mean","Y",-0.0172850317482679,-0.100440285303571,-0.0690135249642857
"567","walking","5","mean","Z",-0.107741776464286,0.00247623628392857,0.0815435495892857
"568","walking","5","std","X",-0.294098534232143,-0.979348381428571,-0.490877497857143
"569","walking","5","std","Y",0.0767484028053571,-0.961585474821429,-0.504622029821429
"570","walking","5","std","Z",-0.45702143625,-0.964580803928571,-0.318700615178571
"571","walking","6","mean","X",0.283658868070175,0.958067455087719,-0.025509618645614
"572","walking","6","mean","Y",-0.0168954189082456,-0.214694852280702,-0.0744462466
"573","walking","6","mean","Z",-0.110303165877193,0.0331888826842105,0.0838808799280702
"574","walking","6","std","X",-0.296538717368421,-0.977779896491228,-0.446020952631579
"575","walking","6","std","Y",0.164213884996491,-0.964248568070175,-0.331702267894737
"576","walking","6","std","Z",-0.504324207192982,-0.957205025789474,-0.383139334736842
"577","walking","7","mean","X",0.275592961754386,0.932566472280702,0.00228835208526316
"578","walking","7","mean","Y",-0.018653665345614,-0.159097003684211,-0.0837113724842105
"579","walking","7","mean","Z",-0.110912234947368,-0.160846924029807,0.0641104602035088
"580","walking","7","std","X",-0.327243240701754,-0.979851271403509,-0.503313517017544
"581","walking","7","std","Y",-0.0772618561052631,-0.969404155087719,-0.23109830545614
"582","walking","7","std","Z",0.159631283261404,-0.952159770526316,-0.396013535263158
"583","walking","8","mean","X",0.27468631,0.913586347916667,0.0235088228254167
"584","walking","8","mean","Y",-0.0186628865310417,-0.217102194583333,-0.095791790535
"585","walking","8","mean","Z",-0.107252090833333,-0.186267836962021,0.0509657915395833
"586","walking","8","std","X",-0.173605736002083,-0.974752050208333,-0.1992097184375
"587","walking","8","std","Y",0.380782052708333,-0.956781505625,-0.2119972775
"588","walking","8","std","Z",-0.1420885318125,-0.956640104791667,-0.0754447842395833
"589","walking","9","mean","X",0.278502842115385,0.951867079615385,-0.0808360598653846
"590","walking","9","mean","Y",-0.0180891971284423,-0.0314341738730769,-0.0625598710615385
"591","walking","9","mean","Z",-0.110820512307692,-0.115856121080385,0.111629779896154
"592","walking","9","std","X",-0.238353562692308,-0.980971973653846,-0.476163506730769
"593","walking","9","std","Y",-0.201696960826923,-0.971242423076923,-0.467054167884615
"594","walking","9","std","Z",-0.0579636469030769,-0.955523995576923,-0.265683521346154
"595","walking","10","mean","X",0.278574076603774,0.963092149811321,0.0106894976215094
"596","walking","10","mean","Y",-0.017022351190566,-0.0838277013962264,-0.0819540783760943
"597","walking","10","mean","Z",-0.109057512132075,0.0549276242264151,0.0986695731160377
"598","walking","10","std","X",-0.178709734396226,-0.974435158113207,-0.414205475283019
"599","walking","10","std","Y",-0.0227431651698113,-0.971114719811321,-0.250853318679245
"600","walking","10","std","Z",-0.395645072075472,-0.957862728301887,-0.174524868603774
"601","walking","11","mean","X",0.271821892881356,0.946468451355932,-0.0426928995457627
"602","walking","11","mean","Y",-0.0166475833623729,-0.212045870169492,-0.0705104974254237
"603","walking","11","mean","Z",-0.106096304033898,0.134053215101695,0.0843744495507542
"604","walking","11","std","X",-0.422842071864407,-0.98110101440678,-0.596346930847458
"605","walking","11","std","Y",-0.0522120750440678,-0.966240553559322,-0.499625287288136
"606","walking","11","std","Z",-0.530626311355932,-0.960852684067797,-0.434178202542373
"607","walking","12","mean","X",0.2771286656,0.9668735148,-0.1045136708758
"608","walking","12","mean","Y",-0.015560927606,-0.1559834498,-0.03442910782
"609","walking","12","mean","Z",-0.10316110632,-0.03608428788,0.0999739123004
"610","walking","12","std","X",-0.128898533096,-0.97911312,-0.5462634706
"611","walking","12","std","Y",-0.122783290008,-0.9646191738,-0.4494013978
"612","walking","12","std","Z",-0.4106060626,-0.9502762272,-0.35017028664
"613","walking","13","mean","X",0.275883130350877,0.910855709298246,-0.0174207634701754
"614","walking","13","mean","Y",-0.0185660651947368,-0.283658580877193,-0.0798472502663158
"615","walking","13","mean","Z",-0.111431456192982,-0.131299718666667,0.0784205641252632
"616","walking","13","std","X",-0.346980394210526,-0.97254492245614,-0.376059914210526
"617","walking","13","std","Y",0.141866689392982,-0.960899845614035,-0.290023550315789
"618","walking","13","std","Z",-0.220503537026316,-0.948637587719298,-0.363369948070175
"619","walking","14","mean","X",0.271959598644068,0.802973961525424,-0.00347655062271186
"620","walking","14","mean","Y",-0.0217785380966102,-0.270314822881356,-0.0829682847966102
"621","walking","14","mean","Z",-0.106756369135593,-0.422495268474576,0.0513222717627119
"622","walking","14","std","X",-0.402639098135593,-0.974816884237288,-0.60038822220339
"623","walking","14","std","Y",-0.0536126686650847,-0.954455935762712,-0.0148392604279661
"624","walking","14","std","Z",0.0518841040022034,-0.947516969830508,-0.12609080020339
"625","walking","15","mean","X",0.273899207962963,0.951524391481481,-0.0554883847662963
"626","walking","15","mean","Y",-0.0170809740090741,-0.233918282592593,-0.06124278833
"627","walking","15","mean","Z",-0.107621819518519,0.0757356734814815,0.0842484921022222
"628","walking","15","std","X",-0.327961801111111,-0.978397287962963,-0.329624620185185
"629","walking","15","std","Y",0.138912923691296,-0.971056501481482,-0.420865007777778
"630","walking","15","std","Z",-0.518932634814815,-0.95805876537037,-0.48653265537037
"631","walking","16","mean","X",0.276023564509804,0.925981326078431,-0.0151721912792157
"632","walking","16","mean","Y",-0.0204286929452941,-0.0668246472745098,-0.0695955689607843
"633","walking","16","mean","Z",-0.108804049803922,-0.217351194313725,0.0818650735686275
"634","walking","16","std","X",-0.404692523921569,-0.982469595490196,-0.654171847058824
"635","walking","16","std","Y",-0.314569762352941,-0.973784841960784,-0.612593634117647
"636","walking","16","std","Z",-0.159799790235294,-0.961387254313726,-0.365489530588235
"637","walking","17","mean","X",0.272341855245902,0.92811236852459,-0.00922265519180328
"638","walking","17","mean","Y",-0.0184875403339344,-0.179927382704918,-0.0839773343770492
"639","walking","17","mean","Z",-0.109792122032787,-0.190265949622951,0.0757132656704918
"640","walking","17","std","X",-0.31950017295082,-0.980983351639344,-0.47981351295082
"641","walking","17","std","Y",-0.0175797885542623,-0.968613202622951,-0.454932903934426
"642","walking","17","std","Z",-0.265824489180328,-0.956903248196721,-0.386044435409836
"643","walking","18","mean","X",0.273887758571429,0.92386524875,-0.0399399716026786
"644","walking","18","mean","Y",-0.0178023631866071,-0.254317085892857,-0.0613727362975
"645","walking","18","mean","Z",-0.104218315464286,-0.0609313415892857,0.0944718394625
"646","walking","18","std","X",-0.37600552125,-0.983010882678571,-0.7044397775
"647","walking","18","std","Y",-0.227005874892857,-0.975311658928572,-0.496431539642857
"648","walking","18","std","Z",-0.428348061071429,-0.97248384875,-0.511417204821429
"649","walking","19","mean","X",0.273931172307692,0.935222559230769,-0.0274970979894231
"650","walking","19","mean","Y",-0.0191773587903846,-0.2233381,-0.0751569333730769
"651","walking","19","mean","Z",-0.122736673192308,-0.0898428797307692,0.0798106981923077
"652","walking","19","std","X",-0.0489049407963461,-0.9698614625,-0.0264357957923077
"653","walking","19","std","Y",0.181801561185577,-0.958651200384615,-0.114406108840577
"654","walking","19","std","Z",-0.13947794235,-0.929187930961539,-0.104202986482692
"655","walking","20","mean","X",0.272589336470588,0.899965205686275,-0.0234104225980392
"656","walking","20","mean","Y",-0.021199992245098,-0.344443913137255,-0.074105054612549
"657","walking","20","mean","Z",-0.113539477098039,-0.035130214,0.0851359929294118
"658","walking","20","std","X",-0.208342792019608,-0.970327266470588,-0.23294061427451
"659","walking","20","std","Y",0.489771808627451,-0.962003383529412,0.0858321519372549
"660","walking","20","std","Z",-0.228734217372549,-0.953850439607843,-0.165748467372549
"661","walking","21","mean","X",0.279183526730769,0.862524800961538,-0.0459323393842308
"662","walking","21","mean","Y",-0.0181610317526923,-0.370984549423077,-0.0590294439942308
"663","walking","21","mean","Z",-0.104319332403846,-0.220947960192308,0.0983715930038462
"664","walking","21","std","X",-0.297814843538462,-0.969576355384615,-0.432232883846154
"665","walking","21","std","Y",0.0540880509209615,-0.964144520576923,-0.397892316730769
"666","walking","21","std","Z",-0.16868872575,-0.974939388076923,-0.311875599423077
"667","walking","22","mean","X",0.27886459,0.936096410434783,0.0007771571
"668","walking","22","mean","Y",-0.0167213607957174,-0.259644937173913,-0.0960880731804348
"669","walking","22","mean","Z",-0.107112510934783,0.0233780056086957,0.0775266594847826
"670","walking","22","std","X",-0.00865921919565217,-0.969643448043478,-0.318537865869565
"671","walking","22","std","Y",0.100384246321739,-0.963639340217391,-0.486322106521739
"672","walking","22","std","Z",-0.213351968804348,-0.955147847391304,-0.151439515130435
"673","walking","23","mean","X",0.273211884237288,0.939809688644068,-0.0631156870355932
"674","walking","23","mean","Y",-0.0183618711932203,-0.16176137,-0.0640197920966102
"675","walking","23","mean","Z",-0.113382994084746,-0.160763360338983,0.10770045065339
"676","walking","23","std","X",-0.313521773389831,-0.977230903898305,-0.494322648644068
"677","walking","23","std","Y",-0.119020586510678,-0.966550706949153,0.25945722920339
"678","walking","23","std","Z",0.164220685383051,-0.932981341864407,-0.209634887972881
"679","walking","24","mean","X",0.276980816034483,0.95970108137931,-0.0545126870724138
"680","walking","24","mean","Y",-0.0225446400534483,-0.115116241810345,-0.0658435879913793
"681","walking","24","mean","Z",-0.110595952913793,-0.140910029827586,0.0972006320344828
"682","walking","24","std","X",-0.47076236637931,-0.983132400344828,-0.580597373275862
"683","walking","24","std","Y",-0.154127498163793,-0.962578844310345,-0.487166280172414
"684","walking","24","std","Z",-0.288840016206897,-0.962822966551724,-0.396154003275862
"685","walking","25","mean","X",0.278992759054054,0.93748311445946,-0.0156305378067568
"686","walking","25","mean","Y",-0.0186477624716216,-0.127315870743243,-0.0820768065347297
"687","walking","25","mean","Z",-0.108737636297297,0.188416273486486,0.0867868736891892
"688","walking","25","std","X",-0.596007443513514,-0.979499263243243,-0.401158753783784
"689","walking","25","std","Y",-0.161852411581081,-0.965093441081081,-0.604032097432432
"690","walking","25","std","Z",-0.437133403243243,-0.944995731216216,-0.562775245405405
"691","walking","26","mean","X",0.279264443728814,0.960647754576271,-0.00334085938813559
"692","walking","26","mean","Y",-0.0154259586949153,-0.133922185084746,-0.0841507651508474
"693","walking","26","mean","Z",-0.108927011474576,0.108738699508475,0.0851069247830508
"694","walking","26","std","X",-0.340185527559322,-0.980055651016949,-0.492885711355932
"695","walking","26","std","Y",-0.136351391645763,-0.969040314237288,-0.57573544779661
"696","walking","26","std","Z",-0.333486502542373,-0.966231561694915,-0.354549059491525
"697","walking","27","mean","X",0.276849485438596,0.944759287368421,-0.08558835714
"698","walking","27","mean","Y",-0.0166478783221912,-0.187497034561404,-0.0365348163649123
"699","walking","27","mean","Z",-0.112822289263158,-0.126210937305263,0.118267750196491
"700","walking","27","std","X",-0.348475560526316,-0.979866136842105,-0.606860248596491
"701","walking","27","std","Y",-0.187301214964912,-0.973792999824561,-0.529865057894737
"702","walking","27","std","Z",-0.297318273508772,-0.956593490526316,-0.250120409298246
"703","walking","28","mean","X",0.281228223888889,0.942930275555556,-0.105896207861111
"704","walking","28","mean","Y",-0.0156759722981481,-0.229316151481481,-0.0172822168012963
"705","walking","28","mean","Z",-0.103714705396296,-0.125912861222222,0.116065910925926
"706","walking","28","std","X",-0.293003522222222,-0.976693902592593,-0.503798624074074
"707","walking","28","std","Y",-0.117886186425926,-0.968780859814815,-0.497684006666667
"708","walking","28","std","Z",-0.300928395925926,-0.944225031851852,-0.242601384618519
"709","walking","29","mean","X",0.271999916792453,0.96237438509434,-0.00795668167188679
"710","walking","29","mean","Y",-0.0162915600588679,-0.127318078679245,-0.081960153154717
"711","walking","29","mean","Z",-0.106632427301887,0.0955792142264151,0.0856852236188679
"712","walking","29","std","X",-0.174337940226415,-0.978253538867925,-0.598868670943396
"713","walking","29","std","Y",-0.0917540612869811,-0.975272848113207,-0.181802636566038
"714","walking","29","std","Z",-0.242828038264151,-0.945981437169811,-0.430232441132075
"715","walking","30","mean","X",0.276406758,0.965217551076923,-0.0459505355861538
"716","walking","30","mean","Y",-0.0175880385730769,-0.157673823846154,-0.0649170927338462
"717","walking","30","mean","Z",-0.0986247068969231,-0.00392556384476923,0.0839568239261538
"718","walking","30","std","X",-0.346394275230769,-0.979752466923077,-0.387920593846154
"719","walking","30","std","Y",-0.173550021692308,-0.970176562153846,0.00600277892
"720","walking","30","std","Z",-0.120476783907692,-0.943958420615385,-0.182569652430769
"721","walking_downstairs","1","mean","X",0.289188320408163,0.931874418979592,-0.0350781902989796
"722","walking_downstairs","1","mean","Y",-0.00991850461020408,-0.266610338979592,-0.0909371290204082
"723","walking_downstairs","1","mean","Z",-0.107566190908163,-0.0621199585938776,0.0900850142030612
"724","walking_downstairs","1","std","X",0.0300353383483878,-0.950559811632653,-0.458030542938775
"725","walking_downstairs","1","std","Y",-0.0319359434489796,-0.937018658979592,-0.126349194938775
"726","walking_downstairs","1","std","Z",-0.230434213204082,-0.895939695102041,-0.124702454242857
"727","walking_downstairs","2","mean","X",0.27761534806383,0.861831345531915,-0.11594735287234
"728","walking_downstairs","2","mean","Y",-0.0226614158361702,-0.325780100638298,-0.00482329231914894
"729","walking_downstairs","2","mean","Z",-0.116812942382979,-0.0438890162723404,0.097173808906383
"730","walking_downstairs","2","std","X",0.0463666814446808,-0.940361759574468,-0.320789230008511
"731","walking_downstairs","2","std","Y",0.262881788951064,-0.940068525531915,-0.415739144893617
"732","walking_downstairs","2","std","Z",-0.10283790806383,-0.931438313191489,-0.279418388042553
"733","walking_downstairs","3","mean","X",0.292423484693878,0.939057787755102,-0.13157327645102
"734","walking_downstairs","3","mean","Y",-0.0193554079328571,-0.228829214285714,-0.0139358043959184
"735","walking_downstairs","3","mean","Z",-0.116139842908163,-0.102352758040816,0.123826738353061
"736","walking_downstairs","3","std","X",-0.0574100475102041,-0.950061129591837,-0.261653414014286
"737","walking_downstairs","3","std","Y",-0.0331503723387755,-0.946094637755102,-0.546740387959184
"738","walking_downstairs","3","std","Z",-0.362240245489796,-0.899943947755102,-0.44230776755102
"739","walking_downstairs","4","mean","X",0.279965329555556,0.947731858666667,-0.102838822533333
"740","walking_downstairs","4","mean","Y",-0.00980200850666667,-0.0620852772955556,-0.0704025952333333
"741","walking_downstairs","4","mean","Z",-0.1067775246,0.148714808888889,0.05926394948
"742","walking_downstairs","4","std","X",0.0111935496222222,-0.955258881333333,-0.370244695288889
"743","walking_downstairs","4","std","Y",-0.21859832499,-0.932066041111111,-0.699453537111111
"744","walking_downstairs","4","std","Z",-0.479185977111111,-0.937753794444444,-0.498480800444444
"745","walking_downstairs","5","mean","X",0.29354392712766,0.956649352553191,-0.068294569906383
"746","walking_downstairs","5","mean","Y",-0.00850107533191489,-0.0607578318319149,-0.0707805998787234
"747","walking_downstairs","5","mean","Z",-0.100319930659574,0.0216777910246191,0.0806559989574468
"748","walking_downstairs","5","std","X",0.275046110468085,-0.950490938510638,-0.46064684487234
"749","walking_downstairs","5","std","Y",0.0907630761042553,-0.912363420851064,-0.409134149148936
"750","walking_downstairs","5","std","Z",-0.325891435319149,-0.927192732978723,-0.227869042382979
"751","walking_downstairs","6","mean","X",0.277045258145833,0.928531455208333,-0.0960837437708333
"752","walking_downstairs","6","mean","Y",-0.019536840063125,-0.214046334375,-0.0341782208604167
"753","walking_downstairs","6","mean","Z",-0.107209356208333,-0.00307981704708333,0.0870012595210417
"754","walking_downstairs","6","std","X",0.383681639791667,-0.9544062675,-0.19830385328125
"755","walking_downstairs","6","std","Y",0.360164958768542,-0.93357760125,-0.18922957
"756","walking_downstairs","6","std","Z",-0.320204232520417,-0.934378766458333,-0.0940797929729167
"757","walking_downstairs","7","mean","X",0.28030708,0.930623632765957,-0.105409612961702
"758","walking_downstairs","7","mean","Y",-0.0166332372978723,-0.12987167306383,-0.049717460606383
"759","walking_downstairs","7","mean","Z",-0.096938308587234,-0.154935538544681,0.116894769042766
"760","walking_downstairs","7","std","X",0.0660815600978723,-0.964875962978723,-0.407744096
"761","walking_downstairs","7","std","Y",-0.138179072734043,-0.952678693617021,-0.29262613606383
"762","walking_downstairs","7","std","Z",-0.0636402447755319,-0.92875646893617,-0.401051415531915
"763","walking_downstairs","8","mean","X",0.283484089210526,0.914023498421053,-0.121189625973684
"764","walking_downstairs","8","mean","Y",-0.0211058674973684,-0.187610243421053,-0.0500760173342105
"765","walking_downstairs","8","mean","Z",-0.107598135394737,-0.141817934963684,0.114143855152368
"766","walking_downstairs","8","std","X",0.0241393473736842,-0.945766561578947,-0.258430885531579
"767","walking_downstairs","8","std","Y",0.343826273105263,-0.941580934473684,0.0243131207736842
"768","walking_downstairs","8","std","Z",0.1337170395,-0.897190012631579,-0.129565242710526
"769","walking_downstairs","9","mean","X",0.295923445,0.938417773333333,-0.0916383011071429
"770","walking_downstairs","9","mean","Y",-0.0203994269075476,-0.0352304645104762,-0.0712598843142857
"771","walking_downstairs","9","mean","Z",-0.0910278793952381,-0.082276174942619,0.116804400690476
"772","walking_downstairs","9","std","X",0.213392270547619,-0.952141220714286,-0.396429197952381
"773","walking_downstairs","9","std","Y",-0.208310705504762,-0.936306558809524,-0.340765233142857
"774","walking_downstairs","9","std","Z",-0.00771530035714286,-0.876641297380952,-0.279685150191905
"775","walking_downstairs","10","mean","X",0.290401594315789,0.939807421052632,-0.124839594289474
"776","walking_downstairs","10","mean","Y",-0.0200050770710526,-0.0646160768947368,-0.106742538831579
"777","walking_downstairs","10","mean","Z",-0.110848597247368,0.0418715409263158,0.0724433685578947
"778","walking_downstairs","10","std","X",0.295733547631579,-0.939267613157895,-0.304745377026316
"779","walking_downstairs","10","std","Y",0.00407915363157895,-0.937003823684211,-0.311407525263158
"780","walking_downstairs","10","std","Z",-0.183557562032895,-0.902085224736842,-0.0353021837
"781","walking_downstairs","11","mean","X",0.291605631956522,0.941746406521739,-0.12506869905
"782","walking_downstairs","11","mean","Y",-0.0178097721219565,-0.200321942608696,-0.0262775345369565
"783","walking_downstairs","11","mean","Z",-0.111070149978261,0.132371684891304,0.057524457376087
"784","walking_downstairs","11","std","X",0.142456557034783,-0.954497498695652,-0.374069023580435
"785","walking_downstairs","11","std","Y",0.0708122725543478,-0.926310469565217,-0.495911719565217
"786","walking_downstairs","11","std","Z",-0.324026938043478,-0.925814906086956,-0.318959594782609
"787","walking_downstairs","12","mean","X",0.281521097391304,0.949861980652174,-0.112531564434783
"788","walking_downstairs","12","mean","Y",-0.018084266865793,-0.178702175434783,-0.0427336692521739
"789","walking_downstairs","12","mean","Z",-0.10955593226087,-0.0561050624630435,0.0895434978391304
"790","walking_downstairs","12","std","X",0.0424084916086956,-0.959504017391304,-0.362143061643478
"791","walking_downstairs","12","std","Y",0.11083534373913,-0.94329842826087,-0.47628774326087
"792","walking_downstairs","12","std","Z",-0.425017413478261,-0.935399348043478,-0.337806681456522
"793","walking_downstairs","13","mean","X",0.294907553404255,0.941875619787234,-0.122672201757447
"794","walking_downstairs","13","mean","Y",-0.0143723839108511,-0.211555112553192,-0.0237205719148936
"795","walking_downstairs","13","mean","Z",-0.101993941531915,-0.0950820341687234,0.111284239655957
"796","walking_downstairs","13","std","X",-0.0681563626617021,-0.952643084042553,-0.417014161553191
"797","walking_downstairs","13","std","Y",-0.03212524665,-0.92854437106383,-0.198848161170213
"798","walking_downstairs","13","std","Z",-0.158333146191489,-0.893962984042553,-0.322774082765957
"799","walking_downstairs","14","mean","X",0.293422115555556,0.81629643,-0.0147079653333333
"800","walking_downstairs","14","mean","Y",-0.0200141413657778,-0.264254674666667,-0.0945288409066667
"801","walking_downstairs","14","mean","Z",-0.0928330165533333,-0.392555882222222,0.0353344537555556
"802","walking_downstairs","14","std","X",0.0178313402266667,-0.919098794,-0.354551638377778
"803","walking_downstairs","14","std","Y",0.378870491755556,-0.920725940666667,0.0569902222622222
"804","walking_downstairs","14","std","Z",0.451576075111111,-0.879565316666667,0.356198597177778
"805","walking_downstairs","15","mean","X",0.280198851190476,0.932302200476191,-0.136618653071429
"806","walking_downstairs","15","mean","Y",-0.00563047804309524,-0.167462317142857,-0.0346755727619048
"807","walking_downstairs","15","mean","Z",-0.110526066428571,0.0788822410992857,0.0711758197607143
"808","walking_downstairs","15","std","X",0.406471051190476,-0.942806478333333,-0.318692525928571
"809","walking_downstairs","15","std","Y",0.186532377428571,-0.925685893571429,-0.37320816
"810","walking_downstairs","15","std","Z",-0.281982181666667,-0.93400831,-0.250648085714286
"811","walking_downstairs","16","mean","X",0.295586802191489,0.917818427021277,-0.0225373369978723
"812","walking_downstairs","16","mean","Y",-0.0183898583787234,-0.0584832676382979,-0.068264792706383
"813","walking_downstairs","16","mean","Z",-0.119873705148936,-0.225382496382979,0.0835380057
"814","walking_downstairs","16","std","X",0.207251997929787,-0.957785118085106,-0.45418847106383
"815","walking_downstairs","16","std","Y",-0.146993837655319,-0.955487793617021,-0.528329304680851
"816","walking_downstairs","16","std","Z",0.0114353944787234,-0.910588943191489,-0.444636334893617
"817","walking_downstairs","17","mean","X",0.29391828326087,0.928817578043478,0.0677728390673913
"818","walking_downstairs","17","mean","Y",-0.0167359404347826,-0.151077057652174,-0.123517195928261
"819","walking_downstairs","17","mean","Z",-0.0892432745173913,-0.160962985956522,0.0162878745776087
"820","walking_downstairs","17","std","X",0.187719760269565,-0.950026242173913,-0.370436868891304
"821","walking_downstairs","17","std","Y",-0.0607892037384783,-0.946576675652174,-0.459281989565217
"822","walking_downstairs","17","std","Z",-0.231064156615217,-0.901097766521739,-0.468462984347826
"823","walking_downstairs","18","mean","X",0.288439468909091,0.932277478363636,-0.0576548655654545
"824","walking_downstairs","18","mean","Y",-0.0168666920221818,-0.225809125454545,-0.0636214336761818
"825","walking_downstairs","18","mean","Z",-0.1033908092,-0.0493636733454545,0.0987471683127273
"826","walking_downstairs","18","std","X",-0.302634565090909,-0.960404874545455,-0.502473033509091
"827","walking_downstairs","18","std","Y",-0.254214045818182,-0.932962218181818,-0.617230786
"828","walking_downstairs","18","std","Z",-0.418610127454545,-0.921661749636364,-0.483658260727273
"829","walking_downstairs","19","mean","X",0.262688053871795,0.881940855128205,-0.205775427307692
"830","walking_downstairs","19","mean","Y",-0.0145942275069487,-0.215018042307692,0.0274707556666667
"831","walking_downstairs","19","mean","Z",-0.133695240660974,-0.126146868942821,0.163962510807692
"832","walking_downstairs","19","std","X",0.626917070512821,-0.899726139487179,0.267657219333333
"833","walking_downstairs","19","std","Y",0.514816445641026,-0.917880864102564,0.0483147743589744
"834","walking_downstairs","19","std","Z",0.049322451025641,-0.899363131794872,-0.0314083457948718
"835","walking_downstairs","20","mean","X",0.296144421355556,0.91972663,-0.111367747557778
"836","walking_downstairs","20","mean","Y",-0.00964120773155555,-0.277419718666667,0.0139023395111111
"837","walking_downstairs","20","mean","Z",-0.104602925937778,-0.0282591579777778,0.103900480541333
"838","walking_downstairs","20","std","X",0.0745098785288889,-0.940458075111111,-0.204939567711111
"839","walking_downstairs","20","std","Y",0.616937015333333,-0.908577153777778,-0.146794177311111
"840","walking_downstairs","20","std","Z",-0.160938536488889,-0.919693532888889,0.159723529622222
"841","walking_downstairs","21","mean","X",0.3014610196,0.872683205555556,-0.126388023595556
"842","walking_downstairs","21","mean","Y",-0.0173195390157778,-0.356673289555556,0.0162145300888889
"843","walking_downstairs","21","mean","Z",-0.09816866218,-0.187870253333333,0.148610020955556
"844","walking_downstairs","21","std","X",0.224343492244444,-0.940194827777778,-0.442148617666667
"845","walking_downstairs","21","std","Y",0.301336399711111,-0.940111830666667,-0.353733478222222
"846","walking_downstairs","21","std","Z",-0.0717893558666667,-0.916324556888889,-0.349759493777778
"847","walking_downstairs","22","mean","X",0.284458963861111,0.921820641944444,-0.0779611213138889
"848","walking_downstairs","22","mean","Y",-0.0197999371686389,-0.222215179444444,-0.0697154455833333
"849","walking_downstairs","22","mean","Z",-0.1074157796,0.0412987957222222,0.0500708760555556
"850","walking_downstairs","22","std","X",0.348618168333333,-0.941242334722222,-0.237349190997222
"851","walking_downstairs","22","std","Y",0.239812250944444,-0.945824352777778,-0.550303216666667
"852","walking_downstairs","22","std","Z",-0.325722718055556,-0.906594023333333,-0.280417950555556
"853","walking_downstairs","23","mean","X",0.289897411148148,0.923711401296296,-0.0578230190203704
"854","walking_downstairs","23","mean","Y",-0.0162111457238889,-0.110028841648148,-0.0853077464277778
"855","walking_downstairs","23","mean","Z",-0.0988123712574074,-0.153671532259259,0.0953602497222222
"856","walking_downstairs","23","std","X",0.0441392843425926,-0.950790837407407,-0.416133032777778
"857","walking_downstairs","23","std","Y",0.10825903416963,-0.93901254962963,0.213825552277778
"858","walking_downstairs","23","std","Z",0.229898742944444,-0.905888257592593,-0.208702488240741
"859","walking_downstairs","24","mean","X",0.288631208909091,0.950883416727273,-0.0867069010690909
"860","walking_downstairs","24","mean","Y",-0.0145730348310909,-0.128326710927273,-0.0542300245127273
"861","walking_downstairs","24","mean","Z",-0.104818820272727,-0.140123155018182,0.111973650603636
"862","walking_downstairs","24","std","X",-0.08273248054,-0.961845327454546,-0.431919067945455
"863","walking_downstairs","24","std","Y",-0.102607326783636,-0.941478979454546,-0.484673524
"864","walking_downstairs","24","std","Z",-0.205566380745455,-0.942207718727273,-0.491077244909091
"865","walking_downstairs","25","mean","X",0.291329666206897,0.929627532241379,0.00299112856551724
"866","walking_downstairs","25","mean","Y",-0.0210170522987931,-0.0724270175862069,-0.101115076366897
"867","walking_downstairs","25","mean","Z",-0.107192376965517,0.21879595837931,0.0980750249310345
"868","walking_downstairs","25","std","X",-0.253756934258621,-0.964470066724138,-0.288824754586207
"869","walking_downstairs","25","std","Y",-0.14054060387069,-0.937816011034483,-0.523377914655172
"870","walking_downstairs","25","std","Z",-0.457972381896552,-0.92619169637931,-0.443780454482759
"871","walking_downstairs","26","mean","X",0.2792845828,0.9467972718,-0.010752208236
"872","walking_downstairs","26","mean","Y",-0.01262580966778,-0.0799003729,-0.1003822042168
"873","walking_downstairs","26","mean","Z",-0.1064396194,0.1539063202,0.082221399603
"874","walking_downstairs","26","std","X",0.17395384962,-0.9627219918,-0.33131291446
"875","walking_downstairs","26","std","Y",-0.011629910112,-0.9354258554,-0.4734080504
"876","walking_downstairs","26","std","Z",-0.284807676,-0.9330817682,-0.3320502392
"877","walking_downstairs","27","mean","X",0.2975441875,0.931380178636364,-0.159826551905227
"878","walking_downstairs","27","mean","Y",-0.0135564467159091,-0.166938774772727,-0.0163131590545455
"879","walking_downstairs","27","mean","Z",-0.112837694688636,-0.140047614122727,0.152695027609091
"880","walking_downstairs","27","std","X",0.167407531090909,-0.946975165,-0.363722908386364
"881","walking_downstairs","27","std","Y",-0.0979710029522727,-0.934963993181818,-0.481813367954545
"882","walking_downstairs","27","std","Z",-0.240040783340909,-0.920921521590909,-0.257846157386364
"883","walking_downstairs","28","mean","X",0.293642076521739,0.929291680434783,-0.141096309502174
"884","walking_downstairs","28","mean","Y",-0.0220230465913043,-0.235897105217391,0.00710564286763044
"885","walking_downstairs","28","mean","Z",-0.10858897408913,-0.121477255782609,0.138622425584783
"886","walking_downstairs","28","std","X",0.125712887943478,-0.956921542391304,-0.268106330991304
"887","walking_downstairs","28","std","Y",0.156496646504348,-0.948404212173913,-0.259368686847826
"888","walking_downstairs","28","std","Z",-0.341031811521739,-0.91705975,-0.307025006304348
"889","walking_downstairs","29","mean","X",0.293140441083333,0.948486215,-0.0374126070957292
"890","walking_downstairs","29","mean","Y",-0.01494121505625,-0.0760962952291667,-0.0851045889895833
"891","walking_downstairs","29","mean","Z",-0.0981339984895833,0.0919650454166667,0.0822244074666667
"892","walking_downstairs","29","std","X",0.167383602458333,-0.9417361925,-0.282077257508333
"893","walking_downstairs","29","std","Y",-0.12246346700625,-0.91390306375,-0.390460137708333
"894","walking_downstairs","29","std","Z",-0.223177999879167,-0.869300904791667,-0.311122615416667
"895","walking_downstairs","30","mean","X",0.283190646967742,0.958000491451613,-0.0745591301759677
"896","walking_downstairs","30","mean","Y",-0.0174383900204839,-0.126710371903226,-0.0693112411951613
"897","walking_downstairs","30","mean","Z",-0.0999781422322581,0.0288081674653226,0.0895767797064516
"898","walking_downstairs","30","std","X",-0.0577703163548387,-0.958890388709677,-0.265923160895161
"899","walking_downstairs","30","std","Y",-0.0272628077709677,-0.918678752419355,-0.285392416354839
"900","walking_downstairs","30","std","Z",-0.217275690290323,-0.87766706,-0.29537036283871
"901","walking_upstairs","1","mean","X",0.255461689622641,0.89335109754717,0.050549379754717
"902","walking_upstairs","1","mean","Y",-0.0239531492643396,-0.362153364339623,-0.166170015088679
"903","walking_upstairs","1","mean","Z",-0.0973020020943396,-0.075402939754717,0.0583595463981132
"904","walking_upstairs","1","std","X",-0.35470802509434,-0.956367027924528,-0.544871104528302
"905","walking_upstairs","1","std","Y",-0.00232026501698113,-0.952849233207547,0.00410518379811321
"906","walking_upstairs","1","std","Z",-0.0194792388471698,-0.912379410377358,-0.50716867490566
"907","walking_upstairs","2","mean","X",0.247164790395833,0.790717418541667,-0.0576912634583333
"908","walking_upstairs","2","mean","Y",-0.0214121132045833,-0.416214890416667,-0.0320883097395833
"909","walking_upstairs","2","mean","Z",-0.152513899520833,-0.195888238891667,0.0688374021666667
"910","walking_upstairs","2","std","X",-0.304376406458333,-0.934407739791667,-0.439253058958333
"911","walking_upstairs","2","std","Y",0.108027279889583,-0.92376745375,-0.466298336666667
"912","walking_upstairs","2","std","Z",-0.112121021220833,-0.878004056875,-0.163995791679167
"913","walking_upstairs","3","mean","X",0.260819873067797,0.883533436101695,0.0721980309322034
"914","walking_upstairs","3","mean","Y",-0.0324109410555932,-0.382851153728814,-0.139275405637288
"915","walking_upstairs","3","mean","Z",-0.110064863437288,-0.162943955254237,0.0215603697
"916","walking_upstairs","3","std","X",-0.313123437627119,-0.944040819322034,-0.456039262525424
"917","walking_upstairs","3","std","Y",0.0116280813372881,-0.909825953898305,-0.582742845932203
"918","walking_upstairs","3","std","Z",-0.369754604067797,-0.909469675084746,-0.492327305084746
"919","walking_upstairs","4","mean","X",0.270876696730769,0.946264314423077,0.0393825198942308
"920","walking_upstairs","4","mean","Y",-0.0319804295729615,-0.232944304615385,-0.0859471683596154
"921","walking_upstairs","4","mean","Z",-0.114219455519231,0.0841675382884615,0.0843753843384615
"922","walking_upstairs","4","std","X",-0.204933042903846,-0.958495235576923,-0.454431043269231
"923","walking_upstairs","4","std","Y",-0.0666899105180769,-0.923376019038462,-0.551185569230769
"924","walking_upstairs","4","std","Z",-0.372137777692308,-0.919619453269231,-0.360811047884615
"925","walking_upstairs","5","mean","X",0.268459469914894,0.936821834893617,0.0395191121489362
"926","walking_upstairs","5","mean","Y",-0.0325269755153191,-0.265942569148936,-0.117195551802128
"927","walking_upstairs","5","mean","Z",-0.107471453914894,-0.0232035364248936,0.0424442819489362
"928","walking_upstairs","5","std","X",-0.0457237779851064,-0.95357996893617,-0.443342262340426
"929","walking_upstairs","5","std","Y",0.185022459476596,-0.900511719787234,-0.440345826382979
"930","walking_upstairs","5","std","Z",-0.308938978787234,-0.92141958,-0.26545133312766
"931","walking_upstairs","6","mean","X",0.268229355098039,0.913632241568627,-0.0767406825588235
"932","walking_upstairs","6","mean","Y",-0.0272425385070588,-0.340732608823529,-0.0518981989072549
"933","walking_upstairs","6","mean","Z",-0.122082438784314,-0.0184608964392157,0.0664234025976471
"934","walking_upstairs","6","std","X",-0.0501350188513725,-0.959399425098039,-0.321973723647059
"935","walking_upstairs","6","std","Y",0.189276117327451,-0.912900683137255,-0.315799901607843
"936","walking_upstairs","6","std","Z",-0.353519514896078,-0.906196352156863,-0.18390018167451
"937","walking_upstairs","7","mean","X",0.248706923078431,0.81874656,-0.138778108029412
"938","walking_upstairs","7","mean","Y",-0.0275639005607843,-0.240950944117647,-0.00247161973
"939","walking_upstairs","7","mean","Z",-0.143769688803922,-0.403599709607843,0.139217071509804
"940","walking_upstairs","7","std","X",-0.29487297445098,-0.932823053333333,-0.363853236862745
"941","walking_upstairs","7","std","Y",-0.32616002254902,-0.939774255490196,-0.572996820784314
"942","walking_upstairs","7","std","Z",-0.145665025639216,-0.881675909607843,-0.348980051411765
"943","walking_upstairs","8","mean","X",0.258880152048781,0.860368718780488,0.19270447595122
"944","walking_upstairs","8","mean","Y",-0.0282415136341463,-0.291341491707317,-0.204205356087805
"945","walking_upstairs","8","mean","Z",-0.11512211995122,-0.192306960631707,-0.0724546025804878
"946","walking_upstairs","8","std","X",-0.171712174634146,-0.926673287804878,-0.367428367219512
"947","walking_upstairs","8","std","Y",0.348768733170732,-0.931032068536585,-0.0666980861414634
"948","walking_upstairs","8","std","Z",0.121187278790244,-0.876168930487805,0.337526477436585
"949","walking_upstairs","9","mean","X",0.262436475714286,0.902647777755102,-0.16396719
"950","walking_upstairs","9","mean","Y",-0.0195101099975714,-0.0377947824285714,-0.0412587909579592
"951","walking_upstairs","9","mean","Z",-0.125219003959184,-0.266009866857143,0.14569462592449
"952","walking_upstairs","9","std","X",-0.36144437755102,-0.954383557142857,-0.343976630734694
"953","walking_upstairs","9","std","Y",-0.302206203816327,-0.901317321632653,-0.400859067959184
"954","walking_upstairs","9","std","Z",-0.253434083542857,-0.89407107877551,-0.138176481058776
"955","walking_upstairs","10","mean","X",0.267121853404255,0.931861027446808,0.0733447168425532
"956","walking_upstairs","10","mean","Y",-0.0143854920340426,-0.0565670278723404,-0.0954600216446809
"957","walking_upstairs","10","mean","Z",-0.118180420834043,0.0227527702016383,0.0879664182957447
"958","walking_upstairs","10","std","X",-0.161591924234043,-0.959216072340426,-0.308534708121277
"959","walking_upstairs","10","std","Y",-0.00555287692765957,-0.937039417446809,0.0411724668680851
"960","walking_upstairs","10","std","Z",-0.0738744931340426,-0.864745838297872,-0.320509332297872
"961","walking_upstairs","11","mean","X",0.263775859277778,0.892626155555556,-0.0820909701727778
"962","walking_upstairs","11","mean","Y",-0.0303157822055556,-0.343576924814815,-0.0566928808703704
"963","walking_upstairs","11","mean","Z",-0.106797216481481,0.146633747092593,0.0638054379968519
"964","walking_upstairs","11","std","X",-0.238802959018519,-0.953463105740741,-0.501331630185185
"965","walking_upstairs","11","std","Y",-0.103167501868519,-0.924360832962963,-0.28204453962963
"966","walking_upstairs","11","std","Z",-0.203369399185185,-0.906933171111111,-0.694658851666667
"967","walking_upstairs","12","mean","X",0.272970338653846,0.938371473269231,-0.0931234101769231
"968","walking_upstairs","12","mean","Y",-0.0263574903403846,-0.259144202692308,-0.0411314519307692
"969","walking_upstairs","12","mean","Z",-0.107339730115385,-0.0702503820961538,0.0898022757730769
"970","walking_upstairs","12","std","X",-0.290149192307692,-0.960246289807692,-0.526659296134615
"971","walking_upstairs","12","std","Y",-0.103818259823077,-0.941378352307692,-0.522949798269231
"972","walking_upstairs","12","std","Z",-0.436697425576923,-0.938071183269231,-0.349614606153846
"973","walking_upstairs","13","mean","X",0.258203939581818,0.847634313454545,-0.13829376226
"974","walking_upstairs","13","mean","Y",-0.0277392253910909,-0.357404501636364,0.00381966911090909
"975","walking_upstairs","13","mean","Z",-0.125767265890909,-0.207507170584727,0.116679563256364
"976","walking_upstairs","13","std","X",-0.296284597454545,-0.946441502363636,-0.541066687090909
"977","walking_upstairs","13","std","Y",0.104470773801818,-0.922054968727273,-0.403572169636364
"978","walking_upstairs","13","std","Z",-0.217210568085455,-0.910271096181818,-0.211805111745455
"979","walking_upstairs","14","mean","X",0.26242106612963,0.688256122222222,0.0813841685037037
"980","walking_upstairs","14","mean","Y",-0.0204388180024074,-0.322680364814815,-0.123499570044444
"981","walking_upstairs","14","mean","Z",-0.112279688983333,-0.49508872037037,-0.0441381886666667
"982","walking_upstairs","14","std","X",-0.309396717592593,-0.928523640925926,-0.454283337592593
"983","walking_upstairs","14","std","Y",0.307195533,-0.907231431296296,0.476518714444444
"984","walking_upstairs","14","std","Z",0.609017879074074,-0.875450819074074,0.564875818162963
"985","walking_upstairs","15","mean","X",0.270187595833333,0.918544812291667,0.0903340029875
"986","walking_upstairs","15","mean","Y",-0.0287523860708333,-0.3149610125,-0.154721289270833
"987","walking_upstairs","15","mean","Z",-0.116952464895833,0.0811803405,0.0911681484547917
"988","walking_upstairs","15","std","X",-0.0260971840270833,-0.952562395625,-0.415251317916667
"989","walking_upstairs","15","std","Y",-0.00406536043541667,-0.927648821458333,-0.3302332351
"990","walking_upstairs","15","std","Z",-0.379717488104167,-0.92161847875,-0.477365945208333
"991","walking_upstairs","16","mean","X",0.255986102627451,0.826874282745098,0.0718408878078431
"992","walking_upstairs","16","mean","Y",-0.0143654945011765,-0.0805926025490196,-0.0486136789705882
"993","walking_upstairs","16","mean","Z",-0.124074517745098,-0.379059698039216,-0.00779288021764706
"994","walking_upstairs","16","std","X",-0.397083831568627,-0.948413552745098,-0.508087166666667
"995","walking_upstairs","16","std","Y",-0.163732745078431,-0.933657461176471,-0.58638289372549
"996","walking_upstairs","16","std","Z",-0.129283825721569,-0.907649558823529,-0.365025170078431
"997","walking_upstairs","17","mean","X",0.252604768583333,0.853530565833333,-0.0304250571395833
"998","walking_upstairs","17","mean","Y",-0.0228645614308333,-0.284153753333333,-0.0548455941370417
"999","walking_upstairs","17","mean","Z",-0.121290442104167,-0.298171464166667,0.0560931358145833
"1000","walking_upstairs","17","std","X",-0.062952754100625,-0.949460372291667,-0.496562732729167
"1001","walking_upstairs","17","std","Y",-0.0131721014395833,-0.91597346625,-0.493044125208333
"1002","walking_upstairs","17","std","Z",-0.230220954239583,-0.930159843541667,-0.234402350714583
"1003","walking_upstairs","18","mean","X",0.265401201896552,0.883330258448276,-0.0470683915017241
"1004","walking_upstairs","18","mean","Y",-0.0222060684378914,-0.316619946206897,-0.0526133819862069
"1005","walking_upstairs","18","mean","Z",-0.112655891327586,-0.106112549189655,0.0906736478431034
"1006","walking_upstairs","18","std","X",-0.380168286724138,-0.961738807068965,-0.593841504137931
"1007","walking_upstairs","18","std","Y",-0.211155120224138,-0.942056881206897,-0.507297003103448
"1008","walking_upstairs","18","std","Z",-0.31437339137931,-0.907839723965517,-0.433922212068965
"1009","walking_upstairs","19","mean","X",0.242118808925,0.8294283725,0.0388537087875
"1010","walking_upstairs","19","mean","Y",-0.0303986615775,-0.3871007085,-0.134514320575
"1011","walking_upstairs","19","mean","Z",-0.151054607725,-0.2210087627,-0.000233248224999999
"1012","walking_upstairs","19","std","X",-0.1287420952375,-0.916495992,-0.4068000325
"1013","walking_upstairs","19","std","Y",0.176349922525,-0.9010448505,-0.17263322355
"1014","walking_upstairs","19","std","Z",-0.1904685504575,-0.83693567475,-0.110117174875
"1015","walking_upstairs","20","mean","X",0.252098317156863,0.777095717058824,0.0659193258862745
"1016","walking_upstairs","20","mean","Y",-0.0282258047588235,-0.479894842941176,-0.174650964745098
"1017","walking_upstairs","20","mean","Z",-0.121023947784314,-0.130117634791765,0.058701941845098
"1018","walking_upstairs","20","std","X",-0.116088676011765,-0.931405014313726,-0.492701193921569
"1019","walking_upstairs","20","std","Y",0.15219632835098,-0.92459435372549,-0.104722161186078
"1020","walking_upstairs","20","std","Z",-0.229249455098039,-0.904064093529412,0.184119332796078
"1021","walking_upstairs","21","mean","X",0.265194544680851,0.781177210851064,0.062608688893617
"1022","walking_upstairs","21","mean","Y",-0.0237218695148936,-0.432309617446808,-0.155622431382979
"1023","walking_upstairs","21","mean","Z",-0.125414265340426,-0.309735038510638,-0.00546829763829787
"1024","walking_upstairs","21","std","X",-0.240808282276596,-0.940911635531915,-0.53190941893617
"1025","walking_upstairs","21","std","Y",0.109787469104255,-0.941523624255319,-0.463136841489362
"1026","walking_upstairs","21","std","Z",-0.219707928574468,-0.932716253829787,0.0517155421740425
"1027","walking_upstairs","22","mean","X",0.248391534566667,0.889454382857143,0.13497880785381
"1028","walking_upstairs","22","mean","Y",-0.0268622561133333,-0.33682691,-0.181458414495238
"1029","walking_upstairs","22","mean","Z",-0.117550861738095,-0.0957978990316667,0.0157359244619048
"1030","walking_upstairs","22","std","X",0.0835738640921429,-0.94063384047619,-0.301491709628571
"1031","walking_upstairs","22","std","Y",0.250067523738095,-0.941620221904762,-0.489417908809524
"1032","walking_upstairs","22","std","Z",-0.109613216345238,-0.913153632142857,-0.157758060642857
"1033","walking_upstairs","23","mean","X",0.249995171031373,0.843438810196078,0.0957940245941176
"1034","walking_upstairs","23","mean","Y",-0.0323844029237255,-0.214481808235294,-0.111564389137255
"1035","walking_upstairs","23","mean","Z",-0.126890616782353,-0.35593445,-0.0325557522333333
"1036","walking_upstairs","23","std","X",-0.243887818513725,-0.933344481568627,-0.550664576666667
"1037","walking_upstairs","23","std","Y",0.0448435785868627,-0.910474557058824,-0.293681861176471
"1038","walking_upstairs","23","std","Z",0.10080118935098,-0.902065910392157,-0.0317301153392157
"1039","walking_upstairs","24","mean","X",0.269881106779661,0.906369500508475,0.0883163772152542
"1040","walking_upstairs","24","mean","Y",-0.0251979434569492,-0.237498409152542,-0.105932947294915
"1041","walking_upstairs","24","mean","Z",-0.114248610966102,-0.227134869152542,0.0248290702830508
"1042","walking_upstairs","24","std","X",-0.344399351355932,-0.962190567457627,-0.577426408813559
"1043","walking_upstairs","24","std","Y",-0.116804488966102,-0.916690779830509,-0.568534124576271
"1044","walking_upstairs","24","std","Z",-0.255601012881356,-0.934952938983051,-0.27459628379661
"1045","walking_upstairs","25","mean","X",0.277995411384615,0.927693239538462,0.0556121923307692
"1046","walking_upstairs","25","mean","Y",-0.0269863524264615,-0.217641282461538,-0.109437658104615
"1047","walking_upstairs","25","mean","Z",-0.126210440292308,0.108230986684615,0.0996227385527692
"1048","walking_upstairs","25","std","X",-0.459775646153846,-0.950878450307692,-0.489011794784615
"1049","walking_upstairs","25","std","Y",-0.223086808769231,-0.931758272769231,-0.433673383846154
"1050","walking_upstairs","25","std","Z",-0.296523975076923,-0.882722399076923,-0.564195608923077
"1051","walking_upstairs","26","mean","X",0.272691394545455,0.942095257090909,-0.0247950825654545
"1052","walking_upstairs","26","mean","Y",-0.0281633797398182,-0.246169656181818,-0.0657601804418182
"1053","walking_upstairs","26","mean","Z",-0.121943461236364,-0.00199310572363636,0.0721458973490909
"1054","walking_upstairs","26","std","X",-0.169006952418182,-0.962011392181818,-0.550274396
"1055","walking_upstairs","26","std","Y",-0.0491726302763636,-0.937858157818182,-0.603097110545455
"1056","walking_upstairs","26","std","Z",-0.404596936545455,-0.929636797636364,-0.3090880546
"1057","walking_upstairs","27","mean","X",0.265770253921569,0.868000278627451,-0.0940344886803922
"1058","walking_upstairs","27","mean","Y",-0.0200953324078431,-0.229278659607843,0.00212499391686275
"1059","walking_upstairs","27","mean","Z",-0.123530438196078,-0.294642640196078,0.140129855776471
"1060","walking_upstairs","27","std","X",-0.295439547254902,-0.956433874705882,-0.562461004705882
"1061","walking_upstairs","27","std","Y",-0.0950104077,-0.947713378627451,-0.587966800588235
"1062","walking_upstairs","27","std","Z",-0.23070787672549,-0.926675381176471,-0.169960785215686
"1063","walking_upstairs","28","mean","X",0.262005841764706,0.854508231764706,-0.129362970764706
"1064","walking_upstairs","28","mean","Y",-0.0279443943478431,-0.333223996666667,0.0212250958019608
"1065","walking_upstairs","28","mean","Z",-0.121514025692157,-0.265207858431373,0.103720987705882
"1066","walking_upstairs","28","std","X",-0.242062430294118,-0.944697800196078,-0.518818227843137
"1067","walking_upstairs","28","std","Y",-0.146753877035294,-0.927641087843137,-0.479319521372549
"1068","walking_upstairs","28","std","Z",-0.28598691372549,-0.900514013333333,-0.189306812833333
"1069","walking_upstairs","29","mean","X",0.265423066877551,0.929258953877551,0.0931989463020408
"1070","walking_upstairs","29","mean","Y",-0.0299465312326531,-0.227120125306122,-0.152328112210204
"1071","walking_upstairs","29","mean","Z",-0.118000587840816,0.0443786011771429,0.0854318123467347
"1072","walking_upstairs","29","std","X",-0.0867715569693878,-0.954189013061225,-0.323904731622449
"1073","walking_upstairs","29","std","Y",-0.122128287642857,-0.923007798367347,0.0461103045102041
"1074","walking_upstairs","29","std","Z",0.0995443502346939,-0.858849467142857,-0.37481514122449
"1075","walking_upstairs","30","mean","X",0.271415642261538,0.93182983,-0.00355974576923077
"1076","walking_upstairs","30","mean","Y",-0.0253311698786154,-0.226647292153846,-0.0779606464676923
"1077","walking_upstairs","30","mean","Z",-0.124697493775385,-0.0221401100714154,0.0814699303289231
"1078","walking_upstairs","30","std","X",-0.350504475230769,-0.954033624307692,-0.493837520761538
"1079","walking_upstairs","30","std","Y",-0.127311157607692,-0.914933936,-0.0840481513184615
"1080","walking_upstairs","30","std","Z",0.0249468034966154,-0.862402791230769,-0.211573579892308
